--
-- PostgreSQL database dump
--

-- Dumped from database version 9.1.1
-- Dumped by pg_dump version 9.1.2
-- Started on 2013-02-19 17:31:10 BRT

SET statement_timeout = 0;
SET client_encoding = 'UTF8';
SET standard_conforming_strings = on;
SET check_function_bodies = false;
SET client_min_messages = warning;

--
-- TOC entry 642 (class 2612 OID 17531)
-- Name: plperl; Type: PROCEDURAL LANGUAGE; Schema: -; Owner: postgres
--

CREATE OR REPLACE PROCEDURAL LANGUAGE plperl;


ALTER PROCEDURAL LANGUAGE plperl OWNER TO postgres;

--
-- TOC entry 203 (class 3079 OID 12499)
-- Name: plpgsql; Type: EXTENSION; Schema: -; Owner: 
--

CREATE EXTENSION IF NOT EXISTS plpgsql WITH SCHEMA pg_catalog;


--
-- TOC entry 3006 (class 0 OID 0)
-- Dependencies: 203
-- Name: EXTENSION plpgsql; Type: COMMENT; Schema: -; Owner: 
--

COMMENT ON EXTENSION plpgsql IS 'PL/pgSQL procedural language';


SET search_path = public, pg_catalog;

--
-- TOC entry 526 (class 1247 OID 17534)
-- Dependencies: 6 161
-- Name: breakpoint; Type: TYPE; Schema: public; Owner: postgres
--

CREATE TYPE breakpoint AS (
	func oid,
	linenumber integer,
	targetname text
);


ALTER TYPE public.breakpoint OWNER TO postgres;

--
-- TOC entry 529 (class 1247 OID 17537)
-- Dependencies: 6 162
-- Name: frame; Type: TYPE; Schema: public; Owner: postgres
--

CREATE TYPE frame AS (
	level integer,
	targetname text,
	func oid,
	linenumber integer,
	args text
);


ALTER TYPE public.frame OWNER TO postgres;

--
-- TOC entry 532 (class 1247 OID 17540)
-- Dependencies: 6 163
-- Name: proxyinfo; Type: TYPE; Schema: public; Owner: postgres
--

CREATE TYPE proxyinfo AS (
	serverversionstr text,
	serverversionnum integer,
	proxyapiver integer,
	serverprocessid integer
);


ALTER TYPE public.proxyinfo OWNER TO postgres;

--
-- TOC entry 535 (class 1247 OID 17543)
-- Dependencies: 6 164
-- Name: targetinfo; Type: TYPE; Schema: public; Owner: postgres
--

CREATE TYPE targetinfo AS (
	target oid,
	schema oid,
	nargs integer,
	argtypes oidvector,
	targetname name,
	argmodes "char"[],
	argnames text[],
	targetlang oid,
	fqname text,
	returnsset boolean,
	returntype oid
);


ALTER TYPE public.targetinfo OWNER TO postgres;

--
-- TOC entry 538 (class 1247 OID 17546)
-- Dependencies: 6 165
-- Name: var; Type: TYPE; Schema: public; Owner: postgres
--

CREATE TYPE var AS (
	name text,
	varclass character(1),
	linenumber integer,
	isunique boolean,
	isconst boolean,
	isnotnull boolean,
	dtype oid,
	value text
);


ALTER TYPE public.var OWNER TO postgres;

--
-- TOC entry 216 (class 1255 OID 34625)
-- Dependencies: 6 641
-- Name: store_purchases_order(character varying, timestamp with time zone, character varying, smallint, smallint, text, double precision, double precision, character varying[], integer[], character varying[], character varying[], character varying[], character varying[], character varying[], character varying[], character varying[], character varying[], character varying[], character varying[], double precision[], character varying[], integer, integer[]); Type: FUNCTION; Schema: public; Owner: postgres
--

CREATE FUNCTION store_purchases_order(character varying, timestamp with time zone, character varying, smallint, smallint, text, double precision, double precision, character varying[], integer[], character varying[], character varying[], character varying[], character varying[], character varying[], character varying[], character varying[], character varying[], character varying[], character varying[], double precision[], character varying[], integer DEFAULT 0, integer[] DEFAULT ARRAY[]::integer[]) RETURNS boolean
    LANGUAGE plpgsql
    AS $_$DECLARE
    receiptValue alias for $1;
    dateValue alias for $2;
    providerIdValue alias for $3;
    paymentConditionValue alias for $4;
    paymentFormValue alias for $5;
    observationValue alias for $6;
    valuePaidValue alias for $7;
    cargoValue alias for $8;

    productCodeValues alias for $9;
    quantityValues alias for $10;
    productOriginCodeValues alias for $11;
    cstIcmsCodeValues alias for $12;
    cstIpiCodeValues alias for $13;
    cstPisCodeValues alias for $14;
    cstCofinsCodeValues alias for $15;
    icmsPercentNameValues alias for $16;
    ipiPercentNameValues alias for $17;
    pisPercentNameValues alias for $18;
    cofinsPercentNameValues alias for $19;
    cfopCodeValues alias for $20;
    unitPriceValues alias for $21;
    storeCnpjValues alias for $22;
    idValue alias for $23;
    purchaseProductOrderIds alias for $24;
    
    arrayLen int;
    nextId bigint;
    counter int;

    rec RECORD;
    found boolean;

BEGIN

    IF idValue = 0 THEN
        SELECT nextval('erprock_purchase_orders_id_seq'::regclass) INTO nextId;

        INSERT INTO erprock_purchase_orders(id, receipt, date, provider_id, payment_condition, payment_form, observation, value_paid, cargo) VALUES(nextId, receiptValue, dateValue, providerIdValue, paymentConditionValue, paymentFormValue, observationValue, valuePaidValue, cargoValue);

        arrayLen := array_upper(productCodeValues, 1);
        FOR i IN 1 .. arrayLen
        LOOP
            INSERT INTO erprock_purchase_product_orders (order_id, product_code, quantity, product_origin_code, cst_icms_code, cst_ipi_code, cst_pis_code, cst_cofins_code, icms_percent_name, ipi_percent_name, pis_percent_name, cofins_percent_name, cfop_code, unit_price, store_cnpj) VALUES(nextId, productCodeValues[i], quantityValues[i], productOriginCodeValues[i], cstIcmsCodeValues[i], cstIpiCodeValues[i], cstPisCodeValues[i], cstCofinsCodeValues[i], icmsPercentNameValues[i], ipiPercentNameValues[i], pisPercentNameValues[i], cofinsPercentNameValues[i], cfopCodeValues[i], unitPriceValues[i], storeCnpjValues[i]);
        END LOOP;
    ELSE

        UPDATE erprock_purchase_orders SET receipt=receiptValue, date=dateValue, provider_id=providerIdValue, payment_condition=paymentConditionValue, payment_form=paymentFormValue, observation=observationValue, value_paid=valuePaidValue, cargo=cargoValue WHERE id=idValue;

        arrayLen := array_upper(productCodeValues, 1);
        -- Loop for removal of non-existing purchase product order
        FOR rec IN SELECT * FROM erprock_purchase_product_orders WHERE order_id = idValue LOOP

            found = false;
        
	    FOR i IN 1 .. arrayLen
            LOOP
                IF rec.id = purchaseProductOrderIds[i] THEN
                    found = true;
                    EXIT; -- Breaks loop
                END IF;
            END LOOP;

            IF found = false THEN
                DELETE FROM erprock_purchase_product_orders WHERE id=rec.id;
            END IF;
            
        END LOOP;

        
        FOR i IN 1 .. arrayLen
        LOOP
            SELECT INTO counter count(*) FROM erprock_purchase_product_orders WHERE id=purchaseProductOrderIds[i];
            IF counter = 0 THEN
                INSERT INTO erprock_purchase_product_orders (order_id, product_code, quantity, product_origin_code, cst_icms_code, cst_ipi_code, cst_pis_code, cst_cofins_code, icms_percent_name, ipi_percent_name, pis_percent_name, cofins_percent_name, cfop_code, unit_price, store_cnpj) VALUES(idValue, productCodeValues[i], quantityValues[i], productOriginCodeValues[i], cstIcmsCodeValues[i], cstIpiCodeValues[i], cstPisCodeValues[i], cstCofinsCodeValues[i], icmsPercentNameValues[i], ipiPercentNameValues[i], pisPercentNameValues[i], cofinsPercentNameValues[i], cfopCodeValues[i], unitPriceValues[i], storeCnpjValues[i]);
            ELSE
                UPDATE erprock_purchase_product_orders SET order_id=idValue, product_code=productCodeValues[i], quantity=quantityValues[i], product_origin_code=productOriginCodeValues[i], cst_icms_code=cstIcmsCodeValues[i], cst_ipi_code=cstIpiCodeValues[i], cst_pis_code=cstPisCodeValues[i], cst_cofins_code=cstCofinsCodeValues[i], icms_percent_name=icmsPercentNameValues[i], ipi_percent_name=ipiPercentNameValues[i], pis_percent_name=pisPercentNameValues[i], cofins_percent_name=cofinsPercentNameValues[i], cfop_code=cfopCodeValues[i], unit_price=unitPriceValues[i], store_cnpj=storeCnpjValues[i] WHERE id=purchaseProductOrderIds[i];
            END IF;
            
        END LOOP;
        
    END IF;

    return true;
END
$_$;


ALTER FUNCTION public.store_purchases_order(character varying, timestamp with time zone, character varying, smallint, smallint, text, double precision, double precision, character varying[], integer[], character varying[], character varying[], character varying[], character varying[], character varying[], character varying[], character varying[], character varying[], character varying[], character varying[], double precision[], character varying[], integer, integer[]) OWNER TO postgres;

--
-- TOC entry 215 (class 1255 OID 26432)
-- Dependencies: 641 6
-- Name: store_sales_order(character varying, smallint, smallint, double precision, text, double precision, character varying, character varying[], integer[], character varying[], character varying[], character varying[], character varying[], character varying[], character varying[], character varying[], character varying[], character varying[], character varying[], double precision[], integer, integer[], timestamp with time zone); Type: FUNCTION; Schema: public; Owner: postgres
--

CREATE FUNCTION store_sales_order(character varying, smallint, smallint, double precision, text, double precision, character varying, character varying[], integer[], character varying[], character varying[], character varying[], character varying[], character varying[], character varying[], character varying[], character varying[], character varying[], character varying[], double precision[], integer DEFAULT 0, integer[] DEFAULT ARRAY[]::integer[], timestamp with time zone DEFAULT now()) RETURNS boolean
    LANGUAGE plpgsql
    AS $_$DECLARE
    receiptValue alias for $1;
    paymentConditionValue alias for $2;
    paymentFormValue alias for $3;
    discountValue alias for $4;
    observationValue alias for $5;
    valuePaidValue alias for $6;
    customerId alias for $7;

    productCodeValues alias for $8;
    quantityValues alias for $9;
    cstIcmsCodeValues alias for $10;
    cstIpiCodeValues alias for $11;
    cstPisCodeValues alias for $12;
    cstCofinsCodeValues alias for $13;
    icmsPercentNameValues alias for $14;
    ipiPercentNameValues alias for $15;
    pisPercentNameValues alias for $16;
    cofinsPercentNameValues alias for $17;
    cfopCodeValues alias for $18;
    storeCnpjValues alias for $19;
    productPricesValues alias for $20;
    idValue alias for $21;
    saleProductOrderIds alias for $22;
    dateValue alias for $23;
    
    arrayLen int;
    nextId bigint;
    counter int;

    customerIdLength int;

    rec RECORD;
    found boolean;

BEGIN

    customerIdLength := length(customerId);

    IF idValue = 0 THEN
        SELECT nextval('erprock_sale_orders_id_seq'::regclass) INTO nextId;

        IF customerIdLength = 11 THEN
            INSERT INTO erprock_sale_orders(id, receipt, date, payment_condition, payment_form, discount, observation, value_paid, physical_customer_id) VALUES(nextId, receiptValue, dateValue, paymentConditionValue, paymentFormValue, discountValue, observationValue, valuePaidValue, customerId);
        ELSE
            INSERT INTO erprock_sale_orders(id, receipt, date, payment_condition, payment_form, discount, observation, value_paid, enterprise_customer_id) VALUES(nextId, receiptValue, dateValue, paymentConditionValue, paymentFormValue, discountValue, observationValue, valuePaidValue, customerId);
        END IF;

        arrayLen := array_upper(productCodeValues, 1);
        FOR i IN 1 .. arrayLen
        LOOP
            INSERT INTO erprock_sale_product_orders (order_id, product_code, quantity, cst_icms_code, cst_ipi_code, cst_pis_code, cst_cofins_code, icms_percent_name, ipi_percent_name, pis_percent_name, cofins_percent_name, cfop_code, store_cnpj, value) VALUES(nextId, productCodeValues[i], quantityValues[i], cstIcmsCodeValues[i], cstIpiCodeValues[i], cstPisCodeValues[i], cstCofinsCodeValues[i], icmsPercentNameValues[i], ipiPercentNameValues[i], pisPercentNameValues[i], cofinsPercentNameValues[i], cfopCodeValues[i], storeCnpjValues[i], productPricesValues[i]);
        END LOOP;
    ELSE

        IF customerIdLength = 11 THEN
            UPDATE erprock_sale_orders SET receipt=receiptValue, date=dateValue, payment_condition=paymentConditionValue, payment_form=paymentFormValue, discount=discountValue, observation=observationValue, value_paid=valuePaidValue, physical_customer_id=customerId, enterprise_customer_id=NULL WHERE id=idValue;
        ELSE
            UPDATE erprock_sale_orders SET receipt=receiptValue, date=dateValue, payment_condition=paymentConditionValue, payment_form=paymentFormValue, discount=discountValue, observation=observationValue, value_paid=valuePaidValue, physical_customer_id=NULL, enterprise_customer_id=customerId WHERE id=idValue;
        END IF;

        arrayLen := array_upper(productCodeValues, 1);
        -- Loop for removal of non-existing sale product order
        FOR rec IN SELECT * FROM erprock_sale_product_orders WHERE order_id = idValue LOOP

            found = false;
        
	    FOR i IN 1 .. arrayLen
            LOOP
                IF rec.id = saleProductOrderIds[i] THEN
                    found = true;
                    EXIT; -- Breaks loop
                END IF;
            END LOOP;

            IF found = false THEN
                DELETE FROM erprock_sale_product_orders WHERE id=rec.id;
            END IF;
            
        END LOOP;

        
        FOR i IN 1 .. arrayLen
        LOOP
            SELECT INTO counter count(*) FROM erprock_sale_product_orders WHERE id=saleProductOrderIds[i];
            IF counter = 0 THEN
                INSERT INTO erprock_sale_product_orders (order_id, product_code, quantity, cst_icms_code, cst_ipi_code, cst_pis_code, cst_cofins_code, icms_percent_name, ipi_percent_name, pis_percent_name, cofins_percent_name, cfop_code, store_cnpj, value) VALUES(idValue, productCodeValues[i], quantityValues[i], cstIcmsCodeValues[i], cstIpiCodeValues[i], cstPisCodeValues[i], cstCofinsCodeValues[i], icmsPercentNameValues[i], ipiPercentNameValues[i], pisPercentNameValues[i], cofinsPercentNameValues[i], cfopCodeValues[i], storeCnpjValues[i], productPricesValues[i]);
            ELSE
                UPDATE erprock_sale_product_orders SET order_id=idValue, product_code=productCodeValues[i], quantity=quantityValues[i], cst_icms_code=cstIcmsCodeValues[i], cst_ipi_code=cstIpiCodeValues[i], cst_pis_code=cstPisCodeValues[i], cst_cofins_code=cstCofinsCodeValues[i], icms_percent_name=icmsPercentNameValues[i], ipi_percent_name=ipiPercentNameValues[i], pis_percent_name=pisPercentNameValues[i], cofins_percent_name=cofinsPercentNameValues[i], cfop_code=cfopCodeValues[i], store_cnpj=storeCnpjValues[i], value=productPricesValues[i] WHERE id=saleProductOrderIds[i];
            END IF;
            
        END LOOP;
        
    END IF;

    return true;
END
$_$;


ALTER FUNCTION public.store_sales_order(character varying, smallint, smallint, double precision, text, double precision, character varying, character varying[], integer[], character varying[], character varying[], character varying[], character varying[], character varying[], character varying[], character varying[], character varying[], character varying[], character varying[], double precision[], integer, integer[], timestamp with time zone) OWNER TO postgres;

SET default_tablespace = '';

SET default_with_oids = false;

--
-- TOC entry 198 (class 1259 OID 26439)
-- Dependencies: 6
-- Name: erprock_account_types; Type: TABLE; Schema: public; Owner: postgres; Tablespace: 
--

CREATE TABLE erprock_account_types (
    type smallint NOT NULL,
    name character varying(50) NOT NULL
);


ALTER TABLE public.erprock_account_types OWNER TO postgres;

--
-- TOC entry 197 (class 1259 OID 26434)
-- Dependencies: 6
-- Name: erprock_accounts; Type: TABLE; Schema: public; Owner: postgres; Tablespace: 
--

CREATE TABLE erprock_accounts (
    code character varying(9) NOT NULL,
    name character varying(100) NOT NULL,
    type smallint NOT NULL,
    reductive boolean
);


ALTER TABLE public.erprock_accounts OWNER TO postgres;

--
-- TOC entry 166 (class 1259 OID 17548)
-- Dependencies: 6
-- Name: erprock_cfop; Type: TABLE; Schema: public; Owner: postgres; Tablespace: 
--

CREATE TABLE erprock_cfop (
    cfop character varying(7) NOT NULL,
    description text NOT NULL,
    application text NOT NULL
);


ALTER TABLE public.erprock_cfop OWNER TO postgres;

--
-- TOC entry 167 (class 1259 OID 17554)
-- Dependencies: 6
-- Name: erprock_cst_cofins; Type: TABLE; Schema: public; Owner: postgres; Tablespace: 
--

CREATE TABLE erprock_cst_cofins (
    code character varying(2) NOT NULL,
    name character varying(200) NOT NULL
);


ALTER TABLE public.erprock_cst_cofins OWNER TO postgres;

--
-- TOC entry 168 (class 1259 OID 17557)
-- Dependencies: 6
-- Name: erprock_cst_icms; Type: TABLE; Schema: public; Owner: postgres; Tablespace: 
--

CREATE TABLE erprock_cst_icms (
    code character varying(2) NOT NULL,
    name character varying(200) NOT NULL
);


ALTER TABLE public.erprock_cst_icms OWNER TO postgres;

--
-- TOC entry 169 (class 1259 OID 17560)
-- Dependencies: 6
-- Name: erprock_cst_ipi; Type: TABLE; Schema: public; Owner: postgres; Tablespace: 
--

CREATE TABLE erprock_cst_ipi (
    code character varying(2) NOT NULL,
    name character varying(200) NOT NULL
);


ALTER TABLE public.erprock_cst_ipi OWNER TO postgres;

--
-- TOC entry 170 (class 1259 OID 17563)
-- Dependencies: 6
-- Name: erprock_cst_pis; Type: TABLE; Schema: public; Owner: postgres; Tablespace: 
--

CREATE TABLE erprock_cst_pis (
    code character varying(2) NOT NULL,
    name character varying(200) NOT NULL
);


ALTER TABLE public.erprock_cst_pis OWNER TO postgres;

--
-- TOC entry 171 (class 1259 OID 17566)
-- Dependencies: 6
-- Name: erprock_enterprise_customers; Type: TABLE; Schema: public; Owner: postgres; Tablespace: 
--

CREATE TABLE erprock_enterprise_customers (
    cnpj character varying(14) NOT NULL,
    state_number character varying(20),
    name character varying(100) NOT NULL,
    fantasy_name character varying(100),
    phone_number character varying(25),
    fax_number character varying(25),
    contact_name character varying(100),
    email character varying(100),
    address_street character varying(100),
    address_number integer,
    address_complement character varying(20),
    address_square character varying(50),
    address_city character varying(50),
    address_state character varying(30),
    address_postal_code character varying(15)
);


ALTER TABLE public.erprock_enterprise_customers OWNER TO postgres;

--
-- TOC entry 200 (class 1259 OID 34628)
-- Dependencies: 6
-- Name: erprock_entries; Type: TABLE; Schema: public; Owner: postgres; Tablespace: 
--

CREATE TABLE erprock_entries (
    id integer NOT NULL,
    date timestamp with time zone NOT NULL,
    store character varying(14) NOT NULL,
    debtor_account character varying(9) NOT NULL,
    creditor_account character varying(9) NOT NULL,
    value double precision NOT NULL,
    history integer NOT NULL,
    complement character varying(100)
);


ALTER TABLE public.erprock_entries OWNER TO postgres;

--
-- TOC entry 199 (class 1259 OID 34626)
-- Dependencies: 6 200
-- Name: erprock_entries_id_seq; Type: SEQUENCE; Schema: public; Owner: postgres
--

CREATE SEQUENCE erprock_entries_id_seq
    START WITH 1
    INCREMENT BY 1
    NO MINVALUE
    NO MAXVALUE
    CACHE 1;


ALTER TABLE public.erprock_entries_id_seq OWNER TO postgres;

--
-- TOC entry 3007 (class 0 OID 0)
-- Dependencies: 199
-- Name: erprock_entries_id_seq; Type: SEQUENCE OWNED BY; Schema: public; Owner: postgres
--

ALTER SEQUENCE erprock_entries_id_seq OWNED BY erprock_entries.id;


--
-- TOC entry 3008 (class 0 OID 0)
-- Dependencies: 199
-- Name: erprock_entries_id_seq; Type: SEQUENCE SET; Schema: public; Owner: postgres
--

SELECT pg_catalog.setval('erprock_entries_id_seq', 2, true);


--
-- TOC entry 202 (class 1259 OID 34651)
-- Dependencies: 6
-- Name: erprock_histories; Type: TABLE; Schema: public; Owner: postgres; Tablespace: 
--

CREATE TABLE erprock_histories (
    id integer NOT NULL,
    name character varying(100) NOT NULL
);


ALTER TABLE public.erprock_histories OWNER TO postgres;

--
-- TOC entry 201 (class 1259 OID 34649)
-- Dependencies: 6 202
-- Name: erprock_history_id_seq; Type: SEQUENCE; Schema: public; Owner: postgres
--

CREATE SEQUENCE erprock_history_id_seq
    START WITH 1
    INCREMENT BY 1
    NO MINVALUE
    NO MAXVALUE
    CACHE 1;


ALTER TABLE public.erprock_history_id_seq OWNER TO postgres;

--
-- TOC entry 3009 (class 0 OID 0)
-- Dependencies: 201
-- Name: erprock_history_id_seq; Type: SEQUENCE OWNED BY; Schema: public; Owner: postgres
--

ALTER SEQUENCE erprock_history_id_seq OWNED BY erprock_histories.id;


--
-- TOC entry 3010 (class 0 OID 0)
-- Dependencies: 201
-- Name: erprock_history_id_seq; Type: SEQUENCE SET; Schema: public; Owner: postgres
--

SELECT pg_catalog.setval('erprock_history_id_seq', 22, true);


--
-- TOC entry 172 (class 1259 OID 17572)
-- Dependencies: 6
-- Name: erprock_manufacturers; Type: TABLE; Schema: public; Owner: postgres; Tablespace: 
--

CREATE TABLE erprock_manufacturers (
    cnpj character varying(14) NOT NULL,
    state_number character varying(20),
    name character varying(100) NOT NULL,
    fantasy_name character varying(100),
    phone_number character varying(25),
    fax_number character varying(25),
    contact_name character varying(100),
    email character varying(100),
    address_street character varying(100),
    address_number integer,
    address_complement character varying(20),
    address_square character varying(50),
    address_city character varying(50),
    address_state character varying(30),
    address_postal_code character varying(15)
);


ALTER TABLE public.erprock_manufacturers OWNER TO postgres;

--
-- TOC entry 173 (class 1259 OID 17578)
-- Dependencies: 6
-- Name: erprock_physical_customers; Type: TABLE; Schema: public; Owner: postgres; Tablespace: 
--

CREATE TABLE erprock_physical_customers (
    cpf character varying(11) NOT NULL,
    name character varying(100) NOT NULL,
    birth_date timestamp without time zone,
    phone_number character varying(25),
    email character varying(100),
    address_street character varying(100),
    address_number integer,
    address_complement character varying(20),
    address_square character varying(50),
    address_city character varying(50),
    address_state character varying(30),
    address_postal_code character varying(15)
);


ALTER TABLE public.erprock_physical_customers OWNER TO postgres;

--
-- TOC entry 174 (class 1259 OID 17584)
-- Dependencies: 6
-- Name: erprock_prices; Type: TABLE; Schema: public; Owner: postgres; Tablespace: 
--

CREATE TABLE erprock_prices (
    id integer NOT NULL,
    product_code character varying(20) NOT NULL,
    value double precision NOT NULL,
    store_cnpj character varying(14) NOT NULL,
    name character varying(50) NOT NULL
);


ALTER TABLE public.erprock_prices OWNER TO postgres;

--
-- TOC entry 175 (class 1259 OID 17587)
-- Dependencies: 6 174
-- Name: erprock_prices_id_seq; Type: SEQUENCE; Schema: public; Owner: postgres
--

CREATE SEQUENCE erprock_prices_id_seq
    START WITH 1
    INCREMENT BY 1
    NO MINVALUE
    NO MAXVALUE
    CACHE 1;


ALTER TABLE public.erprock_prices_id_seq OWNER TO postgres;

--
-- TOC entry 3011 (class 0 OID 0)
-- Dependencies: 175
-- Name: erprock_prices_id_seq; Type: SEQUENCE OWNED BY; Schema: public; Owner: postgres
--

ALTER SEQUENCE erprock_prices_id_seq OWNED BY erprock_prices.id;


--
-- TOC entry 3012 (class 0 OID 0)
-- Dependencies: 175
-- Name: erprock_prices_id_seq; Type: SEQUENCE SET; Schema: public; Owner: postgres
--

SELECT pg_catalog.setval('erprock_prices_id_seq', 22, true);


--
-- TOC entry 176 (class 1259 OID 17589)
-- Dependencies: 6
-- Name: erprock_product_categories; Type: TABLE; Schema: public; Owner: postgres; Tablespace: 
--

CREATE TABLE erprock_product_categories (
    id integer NOT NULL,
    name character varying(30) NOT NULL
);


ALTER TABLE public.erprock_product_categories OWNER TO postgres;

--
-- TOC entry 177 (class 1259 OID 17592)
-- Dependencies: 6 176
-- Name: erprock_product_categories_id_seq; Type: SEQUENCE; Schema: public; Owner: postgres
--

CREATE SEQUENCE erprock_product_categories_id_seq
    START WITH 1
    INCREMENT BY 1
    NO MINVALUE
    NO MAXVALUE
    CACHE 1;


ALTER TABLE public.erprock_product_categories_id_seq OWNER TO postgres;

--
-- TOC entry 3013 (class 0 OID 0)
-- Dependencies: 177
-- Name: erprock_product_categories_id_seq; Type: SEQUENCE OWNED BY; Schema: public; Owner: postgres
--

ALTER SEQUENCE erprock_product_categories_id_seq OWNED BY erprock_product_categories.id;


--
-- TOC entry 3014 (class 0 OID 0)
-- Dependencies: 177
-- Name: erprock_product_categories_id_seq; Type: SEQUENCE SET; Schema: public; Owner: postgres
--

SELECT pg_catalog.setval('erprock_product_categories_id_seq', 3, true);


--
-- TOC entry 178 (class 1259 OID 17594)
-- Dependencies: 6
-- Name: erprock_product_origins; Type: TABLE; Schema: public; Owner: postgres; Tablespace: 
--

CREATE TABLE erprock_product_origins (
    code character varying(1) NOT NULL,
    name character varying(50) NOT NULL
);


ALTER TABLE public.erprock_product_origins OWNER TO postgres;

--
-- TOC entry 179 (class 1259 OID 17597)
-- Dependencies: 6
-- Name: erprock_products; Type: TABLE; Schema: public; Owner: postgres; Tablespace: 
--

CREATE TABLE erprock_products (
    code character varying(20) NOT NULL,
    bar_code character varying(20),
    product_category_id integer NOT NULL,
    manufacturer_cnpj character varying(14) NOT NULL,
    name character varying(100) NOT NULL,
    description text,
    cst_icms_code character varying(2),
    cst_ipi_code character varying(2),
    cst_pis_code character varying(2),
    cst_cofins_code character varying(2),
    icms_percent_name character varying(50),
    ipi_percent_name character varying(50),
    pis_percent_name character varying(50),
    cofins_percent_name character varying(50),
    cfop_code character varying(7)
);


ALTER TABLE public.erprock_products OWNER TO postgres;

--
-- TOC entry 180 (class 1259 OID 17603)
-- Dependencies: 6
-- Name: erprock_providers; Type: TABLE; Schema: public; Owner: postgres; Tablespace: 
--

CREATE TABLE erprock_providers (
    cnpj character varying(14) NOT NULL,
    state_number character varying(20),
    name character varying(100) NOT NULL,
    fantasy_name character varying(100),
    phone_number character varying(25),
    fax_number character varying(25),
    contact_name character varying(100),
    email character varying(100),
    address_street character varying(100),
    address_number integer,
    address_complement character varying(20),
    address_square character varying(50),
    address_city character varying(50),
    address_state character varying(30),
    address_postal_code character varying(15)
);


ALTER TABLE public.erprock_providers OWNER TO postgres;

--
-- TOC entry 190 (class 1259 OID 18053)
-- Dependencies: 2866 6
-- Name: erprock_purchase_orders; Type: TABLE; Schema: public; Owner: postgres; Tablespace: 
--

CREATE TABLE erprock_purchase_orders (
    id integer NOT NULL,
    receipt character varying(50) NOT NULL,
    date timestamp with time zone NOT NULL,
    provider_id character varying(14) NOT NULL,
    payment_condition smallint NOT NULL,
    payment_form smallint NOT NULL,
    observation text,
    value_paid double precision NOT NULL,
    cargo double precision DEFAULT 0 NOT NULL
);


ALTER TABLE public.erprock_purchase_orders OWNER TO postgres;

--
-- TOC entry 189 (class 1259 OID 18051)
-- Dependencies: 190 6
-- Name: erprock_purchase_orders_id_seq; Type: SEQUENCE; Schema: public; Owner: postgres
--

CREATE SEQUENCE erprock_purchase_orders_id_seq
    START WITH 1
    INCREMENT BY 1
    NO MINVALUE
    NO MAXVALUE
    CACHE 1;


ALTER TABLE public.erprock_purchase_orders_id_seq OWNER TO postgres;

--
-- TOC entry 3015 (class 0 OID 0)
-- Dependencies: 189
-- Name: erprock_purchase_orders_id_seq; Type: SEQUENCE OWNED BY; Schema: public; Owner: postgres
--

ALTER SEQUENCE erprock_purchase_orders_id_seq OWNED BY erprock_purchase_orders.id;


--
-- TOC entry 3016 (class 0 OID 0)
-- Dependencies: 189
-- Name: erprock_purchase_orders_id_seq; Type: SEQUENCE SET; Schema: public; Owner: postgres
--

SELECT pg_catalog.setval('erprock_purchase_orders_id_seq', 6, true);


--
-- TOC entry 192 (class 1259 OID 18065)
-- Dependencies: 6
-- Name: erprock_purchase_product_orders; Type: TABLE; Schema: public; Owner: postgres; Tablespace: 
--

CREATE TABLE erprock_purchase_product_orders (
    id integer NOT NULL,
    order_id integer NOT NULL,
    product_code character varying(20) NOT NULL,
    quantity integer NOT NULL,
    product_origin_code character varying(1) NOT NULL,
    cst_icms_code character varying(2),
    cst_ipi_code character varying(2),
    cst_pis_code character varying(2),
    cst_cofins_code character varying(2),
    icms_percent_name character varying(50),
    ipi_percent_name character varying(50),
    pis_percent_name character varying(50),
    cofins_percent_name character varying(50),
    cfop_code character varying(7),
    unit_price double precision NOT NULL,
    store_cnpj character varying(14) NOT NULL
);


ALTER TABLE public.erprock_purchase_product_orders OWNER TO postgres;

--
-- TOC entry 191 (class 1259 OID 18063)
-- Dependencies: 192 6
-- Name: erprock_purchase_product_orders_id_seq; Type: SEQUENCE; Schema: public; Owner: postgres
--

CREATE SEQUENCE erprock_purchase_product_orders_id_seq
    START WITH 1
    INCREMENT BY 1
    NO MINVALUE
    NO MAXVALUE
    CACHE 1;


ALTER TABLE public.erprock_purchase_product_orders_id_seq OWNER TO postgres;

--
-- TOC entry 3017 (class 0 OID 0)
-- Dependencies: 191
-- Name: erprock_purchase_product_orders_id_seq; Type: SEQUENCE OWNED BY; Schema: public; Owner: postgres
--

ALTER SEQUENCE erprock_purchase_product_orders_id_seq OWNED BY erprock_purchase_product_orders.id;


--
-- TOC entry 3018 (class 0 OID 0)
-- Dependencies: 191
-- Name: erprock_purchase_product_orders_id_seq; Type: SEQUENCE SET; Schema: public; Owner: postgres
--

SELECT pg_catalog.setval('erprock_purchase_product_orders_id_seq', 12, true);


--
-- TOC entry 194 (class 1259 OID 18153)
-- Dependencies: 6
-- Name: erprock_sale_orders; Type: TABLE; Schema: public; Owner: postgres; Tablespace: 
--

CREATE TABLE erprock_sale_orders (
    id integer NOT NULL,
    receipt character varying(50) NOT NULL,
    date timestamp with time zone NOT NULL,
    payment_condition smallint NOT NULL,
    payment_form smallint NOT NULL,
    discount double precision NOT NULL,
    observation text,
    value_paid double precision NOT NULL,
    physical_customer_id character varying(14),
    enterprise_customer_id character varying(14)
);


ALTER TABLE public.erprock_sale_orders OWNER TO postgres;

--
-- TOC entry 193 (class 1259 OID 18151)
-- Dependencies: 194 6
-- Name: erprock_sale_orders_id_seq; Type: SEQUENCE; Schema: public; Owner: postgres
--

CREATE SEQUENCE erprock_sale_orders_id_seq
    START WITH 1
    INCREMENT BY 1
    NO MINVALUE
    NO MAXVALUE
    CACHE 1;


ALTER TABLE public.erprock_sale_orders_id_seq OWNER TO postgres;

--
-- TOC entry 3019 (class 0 OID 0)
-- Dependencies: 193
-- Name: erprock_sale_orders_id_seq; Type: SEQUENCE OWNED BY; Schema: public; Owner: postgres
--

ALTER SEQUENCE erprock_sale_orders_id_seq OWNED BY erprock_sale_orders.id;


--
-- TOC entry 3020 (class 0 OID 0)
-- Dependencies: 193
-- Name: erprock_sale_orders_id_seq; Type: SEQUENCE SET; Schema: public; Owner: postgres
--

SELECT pg_catalog.setval('erprock_sale_orders_id_seq', 6, true);


--
-- TOC entry 196 (class 1259 OID 18174)
-- Dependencies: 6
-- Name: erprock_sale_product_orders; Type: TABLE; Schema: public; Owner: postgres; Tablespace: 
--

CREATE TABLE erprock_sale_product_orders (
    id integer NOT NULL,
    order_id integer NOT NULL,
    product_code character varying(20) NOT NULL,
    quantity integer NOT NULL,
    cst_icms_code character varying(2),
    cst_ipi_code character varying(2),
    cst_pis_code character varying(2),
    cst_cofins_code character varying(2),
    icms_percent_name character varying(50),
    ipi_percent_name character varying(50),
    pis_percent_name character varying(50),
    cofins_percent_name character varying(50),
    cfop_code character varying(7),
    store_cnpj character varying(14) NOT NULL,
    value double precision NOT NULL
);


ALTER TABLE public.erprock_sale_product_orders OWNER TO postgres;

--
-- TOC entry 195 (class 1259 OID 18172)
-- Dependencies: 196 6
-- Name: erprock_sale_product_orders_id_seq; Type: SEQUENCE; Schema: public; Owner: postgres
--

CREATE SEQUENCE erprock_sale_product_orders_id_seq
    START WITH 1
    INCREMENT BY 1
    NO MINVALUE
    NO MAXVALUE
    CACHE 1;


ALTER TABLE public.erprock_sale_product_orders_id_seq OWNER TO postgres;

--
-- TOC entry 3021 (class 0 OID 0)
-- Dependencies: 195
-- Name: erprock_sale_product_orders_id_seq; Type: SEQUENCE OWNED BY; Schema: public; Owner: postgres
--

ALTER SEQUENCE erprock_sale_product_orders_id_seq OWNED BY erprock_sale_product_orders.id;


--
-- TOC entry 3022 (class 0 OID 0)
-- Dependencies: 195
-- Name: erprock_sale_product_orders_id_seq; Type: SEQUENCE SET; Schema: public; Owner: postgres
--

SELECT pg_catalog.setval('erprock_sale_product_orders_id_seq', 20, true);


--
-- TOC entry 181 (class 1259 OID 17635)
-- Dependencies: 6
-- Name: erprock_stock_units; Type: TABLE; Schema: public; Owner: postgres; Tablespace: 
--

CREATE TABLE erprock_stock_units (
    id integer NOT NULL,
    name character varying(10) NOT NULL
);


ALTER TABLE public.erprock_stock_units OWNER TO postgres;

--
-- TOC entry 182 (class 1259 OID 17638)
-- Dependencies: 181 6
-- Name: erprock_stock_units_id_seq; Type: SEQUENCE; Schema: public; Owner: postgres
--

CREATE SEQUENCE erprock_stock_units_id_seq
    START WITH 1
    INCREMENT BY 1
    NO MINVALUE
    NO MAXVALUE
    CACHE 1;


ALTER TABLE public.erprock_stock_units_id_seq OWNER TO postgres;

--
-- TOC entry 3023 (class 0 OID 0)
-- Dependencies: 182
-- Name: erprock_stock_units_id_seq; Type: SEQUENCE OWNED BY; Schema: public; Owner: postgres
--

ALTER SEQUENCE erprock_stock_units_id_seq OWNED BY erprock_stock_units.id;


--
-- TOC entry 3024 (class 0 OID 0)
-- Dependencies: 182
-- Name: erprock_stock_units_id_seq; Type: SEQUENCE SET; Schema: public; Owner: postgres
--

SELECT pg_catalog.setval('erprock_stock_units_id_seq', 3, true);


--
-- TOC entry 183 (class 1259 OID 17640)
-- Dependencies: 6
-- Name: erprock_stores; Type: TABLE; Schema: public; Owner: postgres; Tablespace: 
--

CREATE TABLE erprock_stores (
    cnpj character varying(14) NOT NULL,
    state_number character varying(20),
    name character varying(100) NOT NULL,
    fantasy_name character varying(100),
    phone_number character varying(25),
    fax_number character varying(25),
    contact_name character varying(100),
    email character varying(100),
    address_street character varying(100),
    address_number integer,
    address_complement character varying(20),
    address_square character varying(50),
    address_city character varying(50),
    address_state character varying(30),
    address_postal_code character varying(15)
);


ALTER TABLE public.erprock_stores OWNER TO postgres;

--
-- TOC entry 184 (class 1259 OID 17646)
-- Dependencies: 6
-- Name: erprock_tax_rates; Type: TABLE; Schema: public; Owner: postgres; Tablespace: 
--

CREATE TABLE erprock_tax_rates (
    name character varying(50) NOT NULL,
    value double precision NOT NULL
);


ALTER TABLE public.erprock_tax_rates OWNER TO postgres;

--
-- TOC entry 185 (class 1259 OID 17649)
-- Dependencies: 6
-- Name: erprock_user_roles; Type: TABLE; Schema: public; Owner: postgres; Tablespace: 
--

CREATE TABLE erprock_user_roles (
    id integer NOT NULL,
    role character varying(50) NOT NULL
);


ALTER TABLE public.erprock_user_roles OWNER TO postgres;

--
-- TOC entry 186 (class 1259 OID 17652)
-- Dependencies: 6
-- Name: erprock_users; Type: TABLE; Schema: public; Owner: postgres; Tablespace: 
--

CREATE TABLE erprock_users (
    cpf character varying(11) NOT NULL,
    role integer NOT NULL,
    name character varying(100) NOT NULL,
    password character varying(32) NOT NULL
);


ALTER TABLE public.erprock_users OWNER TO postgres;

--
-- TOC entry 187 (class 1259 OID 17655)
-- Dependencies: 6
-- Name: test_table; Type: TABLE; Schema: public; Owner: postgres; Tablespace: 
--

CREATE TABLE test_table (
    id integer NOT NULL,
    name character varying(50) NOT NULL
);


ALTER TABLE public.test_table OWNER TO postgres;

--
-- TOC entry 188 (class 1259 OID 17658)
-- Dependencies: 187 6
-- Name: test_table_id_seq; Type: SEQUENCE; Schema: public; Owner: postgres
--

CREATE SEQUENCE test_table_id_seq
    START WITH 1
    INCREMENT BY 1
    NO MINVALUE
    NO MAXVALUE
    CACHE 1;


ALTER TABLE public.test_table_id_seq OWNER TO postgres;

--
-- TOC entry 3025 (class 0 OID 0)
-- Dependencies: 188
-- Name: test_table_id_seq; Type: SEQUENCE OWNED BY; Schema: public; Owner: postgres
--

ALTER SEQUENCE test_table_id_seq OWNED BY test_table.id;


--
-- TOC entry 3026 (class 0 OID 0)
-- Dependencies: 188
-- Name: test_table_id_seq; Type: SEQUENCE SET; Schema: public; Owner: postgres
--

SELECT pg_catalog.setval('test_table_id_seq', 21, true);


--
-- TOC entry 2870 (class 2604 OID 34631)
-- Dependencies: 200 199 200
-- Name: id; Type: DEFAULT; Schema: public; Owner: postgres
--

ALTER TABLE erprock_entries ALTER COLUMN id SET DEFAULT nextval('erprock_entries_id_seq'::regclass);


--
-- TOC entry 2871 (class 2604 OID 34654)
-- Dependencies: 201 202 202
-- Name: id; Type: DEFAULT; Schema: public; Owner: postgres
--

ALTER TABLE erprock_histories ALTER COLUMN id SET DEFAULT nextval('erprock_history_id_seq'::regclass);


--
-- TOC entry 2861 (class 2604 OID 17660)
-- Dependencies: 175 174
-- Name: id; Type: DEFAULT; Schema: public; Owner: postgres
--

ALTER TABLE erprock_prices ALTER COLUMN id SET DEFAULT nextval('erprock_prices_id_seq'::regclass);


--
-- TOC entry 2862 (class 2604 OID 17661)
-- Dependencies: 177 176
-- Name: id; Type: DEFAULT; Schema: public; Owner: postgres
--

ALTER TABLE erprock_product_categories ALTER COLUMN id SET DEFAULT nextval('erprock_product_categories_id_seq'::regclass);


--
-- TOC entry 2865 (class 2604 OID 18056)
-- Dependencies: 189 190 190
-- Name: id; Type: DEFAULT; Schema: public; Owner: postgres
--

ALTER TABLE erprock_purchase_orders ALTER COLUMN id SET DEFAULT nextval('erprock_purchase_orders_id_seq'::regclass);


--
-- TOC entry 2867 (class 2604 OID 18068)
-- Dependencies: 191 192 192
-- Name: id; Type: DEFAULT; Schema: public; Owner: postgres
--

ALTER TABLE erprock_purchase_product_orders ALTER COLUMN id SET DEFAULT nextval('erprock_purchase_product_orders_id_seq'::regclass);


--
-- TOC entry 2868 (class 2604 OID 18156)
-- Dependencies: 193 194 194
-- Name: id; Type: DEFAULT; Schema: public; Owner: postgres
--

ALTER TABLE erprock_sale_orders ALTER COLUMN id SET DEFAULT nextval('erprock_sale_orders_id_seq'::regclass);


--
-- TOC entry 2869 (class 2604 OID 18177)
-- Dependencies: 195 196 196
-- Name: id; Type: DEFAULT; Schema: public; Owner: postgres
--

ALTER TABLE erprock_sale_product_orders ALTER COLUMN id SET DEFAULT nextval('erprock_sale_product_orders_id_seq'::regclass);


--
-- TOC entry 2863 (class 2604 OID 17666)
-- Dependencies: 182 181
-- Name: id; Type: DEFAULT; Schema: public; Owner: postgres
--

ALTER TABLE erprock_stock_units ALTER COLUMN id SET DEFAULT nextval('erprock_stock_units_id_seq'::regclass);


--
-- TOC entry 2864 (class 2604 OID 17667)
-- Dependencies: 188 187
-- Name: id; Type: DEFAULT; Schema: public; Owner: postgres
--

ALTER TABLE test_table ALTER COLUMN id SET DEFAULT nextval('test_table_id_seq'::regclass);


--
-- TOC entry 2998 (class 0 OID 26439)
-- Dependencies: 198
-- Data for Name: erprock_account_types; Type: TABLE DATA; Schema: public; Owner: postgres
--

COPY erprock_account_types (type, name) FROM stdin;
1	Active
2	Passive
3	Revenue
4	Deductions Returns
5	Costs
6	Operating Expenses
\.


--
-- TOC entry 2997 (class 0 OID 26434)
-- Dependencies: 197
-- Data for Name: erprock_accounts; Type: TABLE DATA; Schema: public; Owner: postgres
--

COPY erprock_accounts (code, name, type, reductive) FROM stdin;
1	Ativo	1	\N
1.1	Ativo Circulante	1	\N
1.1.1.001	Caixa Geral	1	f
1.1.2	Banco C/ Movimento	1	\N
1.1.2.001	Banco Alfa	1	f
1.1.3	Contas a Receber	1	\N
1.1.3.001	Clientes	1	f
1.1.3.002	Outras Contas a Receber	1	f
1.1.3.999	(-) Duplicatas Descontadas	1	t
1.1.4	Estoques	1	\N
1.1.4.001	Mercadorias	1	f
1.1.4.002	Produtos Acabados	1	f
1.1.4.003	Insumos	1	f
1.1.4.004	Outros	1	f
1.2	Não Circulante	1	\N
1.2.1	Contas a Receber	1	\N
1.2.1.001	Clientes	1	f
1.2.1.002	Outras Contas	1	f
1.2.2.001	Participações Societárias	1	f
1.2.2	Investimentos	1	\N
1.2.3	Imobilizado	1	\N
1.2.3.001	Terrenos	1	f
1.2.3.002	Construções e Benfeitorias	1	f
1.2.3.003	Máquinas e Ferramentas	1	f
1.2.3.004	Veículos	1	f
1.2.3.005	Móveis	1	f
1.2.3.998	(-) Depreciação Acumulada	1	t
1.2.3.999	(-) Amortização Acumulada	1	t
1.2.4	Intangível	1	\N
1.2.4.001	Marcas	1	f
1.2.4.002	Software	1	f
1.2.4.999	(-) Amortização Acumulada	1	t
2	Passivo	2	\N
2.1	Circulante	2	\N
2.1.1	Impostos e Contribuições a Recolher	2	\N
2.1.1.001	Simples a Recolher	2	f
2.1.1.002	INSS	2	f
2.1.1.003	FGTS	2	f
2.1.2	Contas a Pagar	2	\N
2.1.2.001	Fornecedores	2	f
2.1.2.002	Outras Contas	2	f
2.1.3	Empréstimos Bancários	2	\N
2.1.3.001	Banco A - Operação X	2	f
2.2	Não Circulante	2	\N
2.2.1	Empréstimos Bancários	2	\N
2.2.1.001	Banco A - Operação X	2	f
2.3	Patrimônio Líquido	2	\N
2.3.1	Capital Social	2	\N
2.3.1.001	Capital Social Subscrito	2	f
2.3.1.002	Capital Social a Realizar	2	f
2.3.2	Reservas	2	\N
2.3.2.001	Reservas de Capital	2	f
2.3.2.002	Reservas de Lucros	2	f
2.3.3	Prejuízos Acumulados	2	\N
2.3.3.001	Prejuízos Acumulados de Exercícios Anteriores	2	f
3	Custos e Despesas	5	\N
3.1	Custos dos Produtos Vendidos	5	\N
3.1.1	Custos dos Materiais	5	\N
3.1.1.001	Custos dos Materiais Aplicados	5	f
3.1.2	Custos da Mão-de-Obra	5	\N
3.1.2.001	Salários	5	f
3.1.2.002	Encargos Sociais	5	f
3.2	Custos das Mercadorias Vendidas	5	\N
3.2.1	Custos das Mercadorias	5	\N
3.2.1.001	Custos das Mercadorias Vendidas	5	f
3.3	Custos dos Serviços Prestados	5	\N
3.3.1	Custos dos Serviços	5	\N
3.3.1.001	Materiais Aplicados	5	f
3.3.1.002	Mão-de-Obra	5	f
3.3.1.003	Encargos Sociais	5	f
3.4	Despesas Operacionais	6	\N
3.4.1	Despesas Gerais	6	\N
3.4.1.001	Mão-de-Obra	6	f
3.4.1.002	Encargos Sociais	6	f
3.4.1.003	Aluguéis	6	f
3.5	Perdas de Capital	6	\N
3.5.1	Baixa de Bens do Ativo Não Circulante	6	\N
3.5.1.001	Custos de Alienação de Investimentos	6	f
3.5.1.002	Custos de Alienação do Imobilizado	6	f
4	Receitas	3	\N
4.1	Receita Líquida	3	\N
4.1.1	Receita Bruta de Vendas	3	\N
4.1.1.001	De Mercadorias	3	f
4.1.1.002	De Produtos	3	f
4.1.1.003	De Serviços Prestados	3	f
4.1.2	Deduções da Receita Bruta	4	\N
4.1.2.001	Devoluções	4	f
4.1.2.002	Serviços Cancelados	4	f
4.2	Outras Receitas Operacionais	3	\N
5	Apuração do Resultado do Exercício	8	\N
2.3.4	Lucro Acumulado	2	\N
2.3.4.001	Lucro acumulado de Exercícios	2	f
2.3.4.002	Lucro do Exercício Atual	2	f
2.3.3.999	(-) Prejuízos do Exercício Atual	2	t
5.1.1.001	Resultado do Exercício	8	f
5.1.1	Apuração do Resultado do Exercício	8	\N
5.1	Apuração do Resultado do Exercício	8	\N
1.1.1	Caixa	1	\N
4.2.1.001	Receitas de Alienação de Investimentos	3	f
4.2.1.002	Receitas de Alienação do Imobilizado	3	f
4.2.1	Vendas de Ativos Não Circulantes	3	\N
\.


--
-- TOC entry 2974 (class 0 OID 17548)
-- Dependencies: 166
-- Data for Name: erprock_cfop; Type: TABLE DATA; Schema: public; Owner: postgres
--

COPY erprock_cfop (cfop, description, application) FROM stdin;
1.102	Compra para\n  comercialização	Classificam-se neste código\n  as compras de mercadorias a serem comercializadas. Também serão classificadas\n  neste código as entradas de mercadorias em estabelecimento comercial de cooperativa recebidas de seus cooperados ou de estabelecimento de\n  outra cooperativa.
1.111	Compra para\n  industrialização de mercadoria recebida anteriormente em consignação industrial	Classificam-se neste código\n  as compras efetivas de mercadorias a serem utilizadas em processo de\n  industrialização, recebidas anteriormente a título de consignação industrial.
1.113	Compra para\n  comercialização, de mercadoria recebida anteriormente em consignação\n  mercantil	Classificam-se neste código\n  as compras efetivas de mercadorias recebidas anteriormente a título de\n  consignação mercantil.
1.116	Compra para industrialização ou produção rural originada de\n  encomenda para recebimento futuro (NR\n  Ajuste SINIEF 05/2005) (Decreto 28.868/2006)	Compra de mercadoria, a ser utilizada em processo de\n  industrialização ou produção rural, quando da entrada real da mercadoria,\n  cuja aquisição tenha sido classificada no código "1.922 – Lançamento efetuado\n  a título de simples faturamento decorrente de compra para recebimento\n  futuro".\n   (DECRETO Nº 28.868, DE\n  31/01/2006-– Efeitos a partir de 01/01/2006, ficando facultada ao\n  contribuinte a sua adoção para fatos geradores ocorridos no período de 01 de\n  novembro a 31 de dezembro de 2005).
1.117	Compra para\n  comercialização originada de encomenda para recebimento futuro	Classificam-se neste código\n  as compras de mercadorias a serem comercializadas, quando da entrada real da\n  mercadoria, cuja aquisição tenha sido classificada no código 1.922 -\n  Lançamento efetuado a título de simples faturamento decorrente de compra para\n  recebimento futuro.
1.118	Compra de mercadoria\n  para comercialização pelo adquirente originário, entregue pelo vendedor\n  remetente ao destinatário, em venda à ordem.	Classificam-se neste código\n  as compras de mercadorias já comercializadas, que, sem transitar pelo\n  estabelecimento do adquirente originário, sejam entregues pelo vendedor\n  remetente diretamente ao destinatário, em operação de venda à ordem, cuja\n  venda seja classificada, pelo adquirente originário, no código 5.120 - Venda\n  de mercadoria adquirida ou recebida de terceiros entregue ao destinatário\n  pelo vendedor remetente, em venda à ordem.
1.120	Compra para\n  industrialização, em venda à ordem, já recebida do vendedor remetente	Classificam-se neste código\n  as compras de mercadorias a serem utilizadas em processo de industrialização,\n  em vendas à ordem, já recebidas do vendedor remetente, por ordem do\n  adquirente originário.
1.121	Compra para\n  comercialização, em venda à ordem, já recebida do vendedor remetente	Classificam-se neste código\n  as compras de mercadorias a serem comercializadas, em vendas à ordem, já\n  recebidas do vendedor remetente por ordem do adquirente originário.
1.122	Compra para\n  industrialização em que a mercadoria foi remetida pelo fornecedor ao industrializador sem transitar pelo estabelecimento\n  adquirente	Classificam-se neste código\n  as compras de mercadorias a serem utilizadas em processo de industrialização,\n  remetidas pelo fornecedor para o industrializador\n  sem que a mercadoria tenha transitado pelo estabelecimento do adquirente.
1.124	Industrialização\n  efetuada por outra empresa	Classificam-se neste código\n  as entradas de mercadorias industrializadas por terceiros, compreendendo os\n  valores referentes aos serviços prestados e os das mercadorias de propriedade\n  do industrializador empregadas no processo\n  industrial. Quando a industrialização efetuada se referir a bens do ativo\n  imobilizado ou de mercadorias para uso ou consumo do estabelecimento encomendante, a entrada deverá ser classificada nos\n  códigos 1.551 - Compra de bem para o ativo imobilizado ou 1.556 - Compra de\n  material para uso ou consumo.
1.125	Industrialização\n  efetuada por outra empresa quando a mercadoria remetida para utilização no\n  processo de industrialização não transitou pelo estabelecimento adquirente da\n  mercadoria	Classificam-se neste código\n  as entradas de mercadorias industrializadas por outras empresas, em que as\n  mercadorias remetidas para utilização no processo de industrialização não\n  transitaram pelo estabelecimento do adquirente das mercadorias, compreendendo\n  os valores referentes aos serviços prestados e os das mercadorias de\n  propriedade do industrializador empregadas no\n  processo industrial. Quando a industrialização efetuada se referir a bens do\n  ativo imobilizado ou de mercadorias para uso ou consumo do estabelecimento encomendante, a entrada deverá ser classificada nos\n  códigos 1.551 - Compra de bem para o ativo imobilizado ou 1.556 - Compra de\n  material para uso ou consumo.
1.126	Compra para utilização\n  na prestação de serviço sujeita\n  ao ICMS (AJUSTE SINIEF 4, DE 9 DE JULHO DE 2010) -\n  DECRETO 36.465/2011	Classificam-se neste código\n  as entradas de mercadorias a serem utilizadas nas prestações de serviços sujeitas\n  ao ICMS. (AJUSTE SINIEF 4, DE 9 DE JULHO DE\n  2010) efeitos a partir de 1º de janeiro de 2011- DECRETO 36.465/2011
1.128	Compra para utilização\n  na prestação de serviço sujeita ao ISSQN(AJUSTE\n  SINIEF 4, DE 9 DE JULHO DE 2010) efeitos a partir de 1º de janeiro de 2011-\n  DECRETO 36.465/2011	Classificam-se neste código\n  as entradas de mercadorias a serem utilizadas nas prestações de serviços\n  sujeitas ao ISSQN. (AJUSTE SINIEF 4, DE 9 DE JULHO DE\n  2010) efeitos a partir de 1º de janeiro de 2011 - DECRETO 36.465/2011.
1.151	Transferência para industrialização ou produção rural (NR Ajuste SINIEF 05/2005) (Decreto 28.868/2006)	Entrada de mercadoria recebida, em transferência de outro\n       estabelecimento da mesma empresa, para ser utilizada em processo de\n      industrialização ou produção rural.\n     (DECRETO Nº 28.868, DE 31/01/2006-– Efeitos a partir de\n       01/01/2006, ficando facultada ao contribuinte a sua adoção para fatos\n      geradores ocorridos no período de 01 de novembro a 31 de dezembro de 2005).
1.152	Transferência para\n  comercialização	Classificam-se neste código\n  as entradas de mercadorias recebidas em transferência de outro estabelecimento\n  da mesma empresa, para serem comercializadas.
1.153	Transferência de energia\n  elétrica para distribuição	Classificam-se neste código\n  as entradas de energia elétrica recebida em transferência de outro\n  estabelecimento da mesma empresa, para distribuição.
1.154	Transferência para\n  utilização na prestação de serviço	Classificam-se neste código\n  as entradas de mercadorias recebidas em transferência de outro\n  estabelecimento da mesma empresa, para serem utilizadas nas prestações de\n  serviços.
1.201	Devolução de venda de\n      produção do estabelecimento	Devolução de venda de produto industrializado ou produzido pelo\n       estabelecimento, cuja saída tenha sido classificada como "Venda de\n       produção do estabelecimento". (NR Ajuste SINIEF 05/2005) (Decreto\n      28.868/2006)\n     (DECRETO Nº 28.868, DE 31/01/2006-– Efeitos a partir de\n       01/01/2006, ficando facultada ao contribuinte a sua adoção para fatos\n      geradores ocorridos no período de 01 de novembro a 31 de dezembro de 2005).
1.202	Devolução de venda de\n  mercadoria adquirida ou recebida de terceiros	Classificam-se neste código\n  as devoluções de vendas de mercadorias adquiridas ou recebidas de terceiros,\n  que não tenham sido objeto de industrialização no estabelecimento, cujas\n  saídas tenham sido classificadas como Venda de mercadoria adquirida ou recebida\n  de terceiros.
1.203	Devolução de venda de\n  produção do estabelecimento, destinada à Zona Franca de Manaus ou Áreas de\n  Livre Comércio	Devolução de venda de produto industrializado ou produzido pelo estabelecimento,\n  cuja saída tenha sido classificada no código "5.109 – Venda de produção\n  do estabelecimento destinada à Zona Franca de Manaus ou Áreas de Livre\n  Comércio". (NR Ajuste SINIEF 05/2005) (Decreto 28.868/2006)\n  (DECRETO Nº 28.868, DE 31/01/2006-– Efeitos a partir de\n  01/01/2006, ficando facultada ao contribuinte a sua adoção para fatos\n  geradores ocorridos no período de 01 de novembro a 31 de dezembro de 2005).
1.204	Devolução de venda de\n  mercadoria adquirida ou recebida de terceiros, destinada à Zona Franca de\n  Manaus ou Áreas de Livre Comércio	Classificam-se neste código\n  as devoluções de vendas de mercadorias adquiridas ou recebidas de terceiros,\n  cujas saídas foram classificadas no código 5.110 - Venda de mercadoria\n  adquirida ou recebida de terceiros, destinada à Zona Franca de Manaus ou\n  Áreas de Livre Comércio.
1.205	Anulação de valor\n  relativo à prestação de serviço de comunicação	Classificam-se neste código\n  as anulações correspondentes a valores faturados indevidamente, decorrentes\n  de prestações de serviços de comunicação.
1.206	Anulação de valor\n  relativo à prestação de serviço de transporte	Classificam-se neste código\n  as anulações correspondentes a valores faturados indevidamente, decorrentes de\n  prestações de serviços de transporte.
1.207	Anulação de valor\n  relativo à venda de energia elétrica	Classificam-se neste código\n  as anulações correspondentes a valores faturados indevidamente, decorrentes\n  de venda de energia elétrica.
1.208	Devolução de produção do\n  estabelecimento, remetida em transferência	Devolução de produto industrializado ou produzido pelo\n  estabelecimento transferido para outro estabelecimento da mesma empresa. (NR\n  Ajuste SINIEF 05/2005) (Decreto 28.868/2006)\n  (DECRETO Nº 28.868, DE 31/01/2006-– Efeitos a partir de\n  01/01/2006, ficando facultada ao contribuinte a sua adoção para fatos\n  geradores ocorridos no período de 01 de novembro a 31 de dezembro de 2005).
1.209	Devolução de mercadoria adquirida\n  ou recebida de terceiros, remetida em transferência	Classificam-se neste código\n  as devoluções de mercadorias adquiridas ou recebidas de terceiros,\n  transferidas para outros estabelecimentos da mesma empresa.
1.251	Compra de energia\n      elétrica para distribuição ou comercialização	Classificam-se neste código\n       as compras de energia elétrica utilizada em sistema de distribuição ou comercialização.\n       Também serão classificadas neste código as compras de energia elétrica por\n      cooperativas para distribuição aos seus cooperados.
1.252	Compra de energia\n  elétrica por estabelecimento industrial	Classificam-se neste código\n  as compras de energia elétrica utilizada no processo de industrialização.\n  Também serão classificadas neste código as compras de energia elétrica\n  utilizada por estabelecimento industrial de cooperativa.
1.253	Compra de energia elétrica\n  por estabelecimento comercial	Classificam-se neste código\n  as compras de energia elétrica utilizada por estabelecimento comercial.\n  Também serão classificadas neste código as compras de energia elétrica\n  utilizada por estabelecimento comercial de cooperativa.
1.254	Compra de energia\n  elétrica por estabelecimento prestador de serviço de transporte	Classificam-se neste código\n  as compras de energia elétrica utilizada por estabelecimento prestador de\n  serviços de transporte.
1.255	Compra de energia\n  elétrica por estabelecimento prestador de serviço de comunicação	Classificam-se neste código\n  as compras de energia elétrica utilizada por estabelecimento prestador de\n  serviços de comunicação.
1.256	Compra de energia\n  elétrica por estabelecimento de produtor rural	Classificam-se neste código\n  as compras de energia elétrica utilizada por estabelecimento de produtor\n  rural.
1.257	Compra de energia\n  elétrica para consumo por demanda contratada	Classificam-se neste código\n  as compras de energia elétrica para consumo por demanda contratada, que\n  prevalecerá sobre os demais códigos deste subgrupo.
1.301	Aquisição de serviço de comunicação\n      para execução de serviço da mesma natureza	Classificam-se neste código\n       as aquisições de serviços de comunicação utilizados nas prestações de\n      serviços da mesma natureza.
1.302	Aquisição de serviço de comunicação\n  por estabelecimento industrial	Classificam-se neste código\n  as aquisições de serviços de comunicação utilizados por estabelecimento\n  industrial. Também serão classificadas neste código as aquisições de serviços\n  de comunicação utilizados por estabelecimento industrial de cooperativa.
1.303	Aquisição de serviço de\n  comunicação por estabelecimento comercial	Classificam-se neste código\n  as aquisições de serviços de comunicação utilizados por estabelecimento\n  comercial. Também serão classificadas neste código as aquisições de serviços\n  de comunicação utilizados por estabelecimento comercial de cooperativa.
1.304	Aquisição de serviço de\n  comunicação por estabelecimento de prestador de serviço de transporte	Classificam-se neste código\n  as aquisições de serviços de comunicação utilizados por estabelecimento\n  prestador de serviço de transporte.
1.305	Aquisição de serviço de\n  comunicação por estabelecimento de geradora ou de distribuidora de energia\n  elétrica	Classificam-se neste código\n  as aquisições de serviços de comunicação utilizados por estabelecimento de\n  geradora ou de distribuidora de energia elétrica.
1.306	Aquisição de serviço de\n  comunicação por estabelecimento de produtor rural	Classificam-se neste código\n  as aquisições de serviços de comunicação utilizados por estabelecimento de\n  produtor rural.
1.351	Aquisição de serviço de\n      transporte para execução de serviço da mesma natureza	Classificam-se neste código\n       as aquisições de serviços de transporte utilizados nas prestações de serviços\n      da mesma natureza.
1.352	Aquisição de serviço de\n  transporte por estabelecimento industrial	Classificam-se neste código\n  as aquisições de serviços de transporte utilizados por estabelecimento\n  industrial. Também serão classificadas neste código as aquisições de serviços\n  de transporte utilizados por estabelecimento industrial de cooperativa.
1.353	Aquisição de serviço de\n  transporte por estabelecimento comercial	Classificam-se neste código\n  as aquisições de serviços de transporte utilizados por estabelecimento\n  comercial. Também serão classificadas neste código as aquisições de serviços\n  de transporte utilizados por estabelecimento comercial de cooperativa.
1.354	Aquisição de serviço de\n  transporte por estabelecimento de prestador de serviço de comunicação	Classificam-se neste código\n  as aquisições de serviços de transporte utilizados por estabelecimento\n  prestador de serviços de comunicação.
1.355	Aquisição de serviço de\n  transporte por estabelecimento de geradora ou de distribuidora de energia\n  elétrica	Classificam-se neste código\n  as aquisições de serviços de transporte utilizados por estabelecimento de\n  geradora ou de distribuidora de energia elétrica.
1.356	Aquisição de serviço de\n  transporte por estabelecimento de produtor rural	Classificam-se neste código\n  as aquisições de serviços de transporte utilizados por estabelecimento de\n  produtor rural.
1.360	Aquisição\n  de serviço de transporte por contribuinte-substituto em relação ao serviço de\n  transporte (ACR) (Ajuste SINIEF 06/2007- Decreto nº\n  30.861/2007) –– a partir de 01.01.2008	Aquisição\n  de serviço de transporte quando o adquirente for contribuinte-substituto em\n  relação ao imposto incidente na prestação dos serviços
1.401	Compra para industrialização ou produção rural de mercadoria\n      sujeita ao regime de substituição tributária (NR Ajuste SINIEF 05/2005) (Decreto 28.868/2006)	Compra de mercadoria sujeita ao regime de substituição\n       tributária, a ser utilizada em processo de industrialização ou produção\n       rural, bem como compra, por estabelecimento industrial ou produtor rural de\n      cooperativa, de mercadoria sujeita ao mencionado regime. \n     (DECRETO Nº 28.868, DE 31/01/2006-– Efeitos a partir de\n       01/01/2006, ficando facultada ao contribuinte a sua adoção para fatos\n      geradores ocorridos no período de 01 de novembro a 31 de dezembro de 2005).
1.403	Compra para\n  comercialização em operação com mercadoria sujeita ao regime de substituição\n  tributária	Classificam-se neste código\n  as compras de mercadorias a serem comercializadas, decorrentes de operações\n  com mercadorias sujeitas ao regime de substituição tributária. Também serão\n  classificadas neste código as compras de mercadorias sujeitas ao regime de\n  substituição tributária em estabelecimento comercial de cooperativa.
1.406	Compra de bem para o\n  ativo imobilizado cuja mercadoria está sujeita ao regime de substituição\n  tributária	Classificam-se neste código\n  as compras de bens destinados ao ativo imobilizado do estabelecimento, em\n  operações com mercadorias sujeitas ao regime de substituição tributária.
1.407	Compra de mercadoria\n  para uso ou consumo cuja mercadoria está sujeita ao regime de substituição\n  tributária	Classificam-se neste código\n  as compras de mercadorias destinadas ao uso ou consumo do estabelecimento, em\n  operações com mercadorias sujeitas ao regime de substituição tributária.
1.408	Transferência para industrialização ou produção rural de\n  mercadoria sujeita ao regime de substituição tributária (NR Ajuste SINIEF\n  05/2005) (Decreto 28.868/2006)	Mercadoria sujeita ao regime de substituição tributária,\n  recebida em transferência de outro estabelecimento da mesma empresa, para ser\n  industrializada ou consumida na produção rural no estabelecimento.\n  (DECRETO Nº 28.868, DE 31/01/2006-– Efeitos a partir de 01/01/2006,\n  ficando facultada ao contribuinte a sua adoção para fatos geradores ocorridos\n  no período de 01 de novembro a 31 de dezembro de 2005).
1.409	Transferência para\n  comercialização em operação com mercadoria sujeita ao regime de substituição tributária	Classificam-se neste código\n  as mercadorias recebidas em transferência de outro estabelecimento da mesma\n  empresa, para serem comercializadas, decorrentes de operações sujeitas ao\n  regime de substituição tributária.
1.410	Devolução de venda de mercadoria, de produção do\n  estabelecimento, sujeita ao regime de substituição tributária	Devolução de produto industrializado ou produzido pelo\n  estabelecimento, cuja saída tenha sido classificada como "Venda de\n  mercadoria de produção do estabelecimento sujeita ao regime de substituição\n  tributária".\n  (NR Ajuste SINIEF 05/2005) (DECRETO Nº 28.868, DE 31/01/2006-– Efeitos a partir de\n  01/01/2006, ficando facultada ao contribuinte a sua adoção para fatos\n  geradores ocorridos no período de 01 de novembro a 31 de dezembro de 2005).
1.411	Devolução de venda de\n  mercadoria adquirida ou recebida de terceiros em operação com mercadoria\n  sujeita ao regime de substituição tributária	Classificam-se neste código\n  as devoluções de vendas de mercadorias adquiridas ou recebidas de terceiros,\n  cujas saídas tenham sido classificadas como Venda de mercadoria adquirida ou\n  recebida de terceiros em operação com mercadoria sujeita ao regime de\n  substituição tributária.
1.414	Retorno de mercadoria de produção do estabelecimento, remetida\n  para venda fora do estabelecimento, sujeita ao regime de substituição\n  tributária	Entrada, em retorno, de produto industrializado ou produzido\n  pelo próprio estabelecimento, remetido para venda fora do estabelecimento,\n  inclusive por meio de veículo, sujeito ao regime de substituição tributária e\n  não comercializado.\n   (NR Ajuste SINIEF 05/2005) (DECRETO Nº 28.868, DE 31/01/2006-–\n  Efeitos a partir de 01/01/2006, ficando facultada ao contribuinte a sua\n  adoção para fatos geradores ocorridos no período de 01 de novembro a 31 de\n  dezembro de 2005).
1.415	Retorno de mercadoria\n  adquirida ou recebida de terceiros, remetida para venda fora do\n  estabelecimento em operação com mercadoria sujeita ao regime de substituição\n  tributária	Classificam-se neste código\n  as entradas, em retorno, de mercadorias adquiridas ou recebidas de terceiros remetidas para vendas fora do estabelecimento,\n  inclusive por meio de veículos, em operações com mercadorias sujeitas ao\n  regime de substituição tributária, e não comercializadas.
1.451	Retorno de animal do\n  estabelecimento produtor	Classificam-se neste código\n  as entradas referentes ao retorno de animais criados pelo produtor no sistema\n  integrado.
1.452	Retorno de insumo não\n  utilizado na produção	Classificam-se neste código\n  o retorno de insumos não utilizados pelo produtor na criação de animais pelo sistema\n  integrado.
1.501	Entrada de mercadoria\n      recebida com fim específico de exportação	Classificam-se neste código\n       as entradas de mercadorias em estabelecimento de trading company,\n       empresa comercial exportadora ou outro estabelecimento do remetente, com fim\n      específico de exportação.
1.503	Entrada decorrente de devolução de produto,\n  de fabricação do estabelecimento, remetido com fim específico de exportação	Devolução de produto industrializado ou produzido pelo\n  estabelecimento, remetido a "trading company",\n  a empresa comercial exportadora ou a outro estabelecimento do remetente, com\n  fim específico de exportação, cuja saída tenha sido classificada no código\n  "5.501 – Remessa de produção do estabelecimento com fim específico de\n  exportação".\n  (NR Ajuste SINIEF 05/2005) (Dec.28.868/2006\n  - a sua aplicação será obrigatória em relação aos fatos geradores ocorridos a\n  partir de 01 de julho de 2006, ficando facultada ao contribuinte a sua adoção\n  para fatos geradores ocorridos no período de 01 de janeiro a 30 de junho de\n  2006).
1.504	Entrada decorrente de\n  devolução de mercadoria remetida com fim específico de exportação, adquirida\n  ou recebida de terceiros	Devolução de mercadoria,\n  adquirida ou recebida de terceiro, remetida a trading company,\n  a empresa comercial exportadora ou a outro estabelecimento do remetente, com\n  fim específico de exportação, cuja saída tenha sido classificada no código\n  "5.502 - Remessa de mercadoria adquirida ou recebida de terceiros, com fim\n  específico de exportação".
1.505	Entrada decorrente de devolução simbólica de mercadoria remetida\n  para formação de lote de exportação, de produto industrializado ou produzido\n  pelo próprio estabelecimento.	Devolução simbólica de mercadoria remetida para formação de lote\n  de exportação, cuja saída tenha sido classificada no código "5.504\n  – Remessa de mercadoria para formação de lote de exportação, de produto\n  industrializado ou produzido pelo próprio estabelecimento".\n   (ACR Ajuste SINIEF 09/2005) (Dec.28.868/2006\n  - a sua aplicação será obrigatória em relação aos fatos geradores ocorridos a\n  partir de 01 de julho de 2006, ficando facultada ao contribuinte a sua adoção\n  para fatos geradores ocorridos no período de 01 de janeiro a 30 de junho de\n  2006).
1.506	Entrada decorrente de devolução simbólica de mercadoria,\n  adquirida ou recebida de terceiros, remetida para formação de lote de\n  exportação.	Devolução simbólica de mercadoria remetida para formação de lote\n  de exportação em armazéns alfandegados, entrepostos aduaneiros ou outros estabelecimentos\n  que venham a ser regulamentados pela legislação tributária de cada Unidade\n  Federada, efetuada pelo estabelecimento depositário, cuja saída tenha sido\n  classificada no código "5.505 – Remessa de mercadoria, adquirida\n  ou recebida de terceiros, para formação de lote de exportação".\n   (ACR Ajuste SINIEF 09/2005) (NR Ajuste SINIEF 05/2005) (Dec.28.868/2006\n  - a sua aplicação será obrigatória em relação aos fatos geradores ocorridos a\n  partir de 01 de julho de 2006, ficando facultada ao contribuinte a sua adoção\n  para fatos geradores ocorridos no período de 01 de janeiro a 30 de junho de\n  2006).
1.551	Compra de bem para o ativo\n      imobilizado	Classificam-se neste código\n      as compras de bens destinados ao ativo imobilizado do estabelecimento.
1.552	Transferência de bem do\n  ativo imobilizado	Classificam-se neste código\n  as entradas de bens destinados ao ativo imobilizado recebidos em\n  transferência de outro estabelecimento da mesma empresa.
1.553	Devolução de venda de\n  bem do ativo imobilizado	Classificam-se neste código\n  as devoluções de vendas de bens do ativo imobilizado, cujas saídas tenham\n  sido classificadas no código 5.551 - Venda de bem do ativo imobilizado.
1.554	Retorno de bem do ativo\n  imobilizado remetido para uso fora do estabelecimento	Classificam-se neste código\n  as entradas por retorno de bens do ativo imobilizado remetidos para uso fora\n  do estabelecimento, cujas saídas tenham sido classificadas no código 5.554 -\n  Remessa de bem do ativo imobilizado para uso fora do estabelecimento.
1.555	Entrada de bem do ativo\n  imobilizado de terceiro, remetido para uso no estabelecimento	Classificam-se neste código\n  as entradas de bens do ativo imobilizado de terceiros, remetidos para uso no\n  estabelecimento.
1.556	Compra de material para\n  uso ou consumo	Classificam-se neste código\n  as compras de mercadorias destinadas ao uso ou consumo do estabelecimento.
1.557	Transferência de\n  material para uso ou consumo	Classificam-se neste código\n  as entradas de materiais para uso ou consumo recebidos em transferência de\n  outro estabelecimento da mesma empresa.
1.601	Recebimento, por\n      transferência, de crédito de ICMS	Classificam-se neste código\n       os lançamentos destinados ao registro de créditos de ICMS, recebidos por\n      transferência de outras empresas.
1.602	Recebimento,\n  por transferência, de saldo credor do ICMS, de outro estabelecimento da mesma\n  empresa, para compensação de saldo devedor do imposto.	Lançamento\n  destinado ao registro da transferência de saldo credor do ICMS, recebido de\n  outro estabelecimento da mesma empresa, destinado à compensação do saldo\n  devedor do estabelecimento, inclusive no caso de apuração centralizada do\n  imposto. \n  (NR Ajuste SINIEF 9/2003 – a partir 01.01.2004) (Decreto nº\n  26.174/2003)
1.603	Ressarcimento de ICMS\n  retido por substituição tributária	Lançamento\n  destinado ao registro de ressarcimento de ICMS retido por substituição\n  tributária à contribuinte substituído, efetuado pelo contribuinte substituto,\n  ou, ainda, quando o ressarcimento for apropriado pelo próprio contribuinte\n  substituído, nas hipóteses previstas na legislação aplicável.
1.604	Lançamento do crédito\n  relativo à compra de bem para o ativo imobilizado	Lançamento destinado ao\n  registro da apropriação de crédito de bem do ativo imobilizado. (Dec.25.068/2003-EFEITOS\n  A PARTIR DE 01.01.2003)
1.605	Recebimento,\n  por transferência, de saldo devedor do ICMS de outro estabelecimento da mesma\n  empresa	Lançamento\n  destinado ao registro da transferência de saldo devedor do ICMS, recebido de\n  outro estabelecimento da mesma empresa, para efetivação da apuração\n  centralizada do imposto. (ACR Ajuste SINIEF 03/2004) (DECRETO Nº\n  26.810/2004) (a partir de 01.01.2005)
1.651	Compra de\n      combustível ou lubrificante para industrialização subseqüente	Compra de\n       combustível ou lubrificante a ser utilizados em processo de industrialização\n       do próprio produto. (ACR Ajuste SINIEF\n      9/2003 - a partir 01.01.2004)
1.652	Compra de\n  combustível ou lubrificante para comercialização	Compra de\n  combustível ou lubrificante a ser comercializados. (ACR Ajuste SINIEF 9/2003 - a partir 01.01.2004)
2.121	Compra para\n  comercialização, em venda à ordem, já recebida do vendedor remetente	Classificam-se neste código\n  as compras de mercadorias a serem comercializadas, em vendas à ordem, já\n  recebidas do vendedor remetente por ordem do adquirente originário.
1.653	Compra de\n  combustível ou lubrificante por consumidor ou usuário final	Compra de combustível ou\n  lubrificante, a ser consumidos em processo de industrialização de outros\n  produtos, na produção rural, na prestação de serviço ou por usuário final. \n  (NR\n  Ajuste SINIEF 05/2005) (Dec.28.868/2006\n  - Efeitos a partir de 01/01/2006, ficando facultada ao contribuinte a sua\n  adoção para fatos geradores ocorridos no período de 01 de novembro a 31 de\n  dezembro de 2005)
1.658	Transferência\n  de combustível ou lubrificante para industrialização	Entrada de\n  combustível ou lubrificante, recebidos em transferência de outro\n  estabelecimento da mesma empresa, para ser utilizados em processo de\n  industrialização do próprio produto.(Decreto\n  26.174/2003)(efeitos a partir 01.01.2004)
1.659	Transferência\n  de combustível ou lubrificante para comercialização	Entrada de\n  combustível ou lubrificante, recebidos em transferência de outro\n  estabelecimento da mesma empresa, para ser comercializados. .(Decreto 26.174/2003) (efeitos a partir 01.01.2004)
1.660	Devolução de venda de combustível ou lubrificante destinados à\n  industrialização subseqüente	Devolução de venda de combustível ou lubrificante, cuja saída\n  tenha sido classificada como "Venda de combustível ou lubrificante\n  destinados à industrialização subseqüente". (Decreto 26.174/2003)(efeitos a partir\n  01.01.2004)
1.661	Devolução de\n  venda de combustível ou lubrificante destinados à comercialização	Devolução\n  de venda de combustível ou lubrificante, cuja saída tenha sido classificada\n  como "Venda de combustível ou lubrificante para comercialização".(Decreto 26.174/2003)(efeitos a partir\n  01.01.2004).
1.662	Devolução de\n  venda de combustível ou lubrificante destinados a consumidor ou usuário final	Devolução\n  de venda de combustível ou lubrificante, cuja saída tenha sido classificada\n  como "Venda de combustível ou lubrificante por consumidor ou usuário\n  final"..(Decreto 26.174/2003)(efeitos a partir 01.01.2004)
1.663	Entrada de\n  combustível ou lubrificante para armazenagem	Entrada\n  de combustível ou lubrificante para armazenagem. .(Decreto 26.174/2003)(efeitos a\n  partir 01.01.2004)
1.664	Retorno de\n  combustível ou lubrificante remetidos para armazenagem	Entrada,\n  ainda que simbólica, por retorno de combustível ou\n  lubrificante, remetidos para armazenagem. .(Decreto 26.174/2003)(efeitos a\n  partir 01.01.2004)
1.901	Entrada para\n      industrialização por encomenda	Classificam-se neste código\n       as entradas de insumos recebidos para industrialização por encomenda de outra\n      empresa ou de outro estabelecimento da mesma empresa.
1.902	Retorno de mercadoria\n  remetida para industrialização por encomenda	Classificam-se neste código\n  o retorno dos insumos remetidos para industrialização por encomenda,\n  incorporados ao produto final pelo estabelecimento industrializador.
1.903	Entrada de mercadoria\n  remetida para industrialização e não aplicada no referido processo	Classificam-se neste código\n  as entradas em devolução de insumos remetidos para industrialização e não\n  aplicados no referido processo.
1.904	Retorno de remessa para\n  venda fora do estabelecimento	Classificam-se neste código\n  as entradas em retorno de mercadorias remetidas para venda fora do\n  estabelecimento, inclusive por meio de veículos, e não comercializadas.
1.905	Entrada de mercadoria\n  recebida para depósito em depósito fechado ou armazém geral	Classificam-se neste código\n  as entradas de mercadorias recebidas para depósito em depósito fechado ou\n  armazém geral.
1.906	Retorno de mercadoria\n  remetida para depósito fechado ou armazém geral	Classificam-se neste código\n  as entradas em retorno de mercadorias remetidas para depósito em depósito\n  fechado ou armazém geral.
1.907	Retorno simbólico de\n  mercadoria remetida para depósito fechado ou armazém geral	Classificam-se neste código\n  as entradas em retorno simbólico de mercadorias remetidas para depósito em\n  depósito fechado ou armazém geral, quando as mercadorias depositadas tenham\n  sido objeto de saída a qualquer título e que não tenham retornado ao\n  estabelecimento depositante.
1.908	Entrada de bem por conta\n  de contrato de comodato	Classificam-se neste código\n  as entradas de bens recebidos em cumprimento de contrato de comodato.
1.909	Retorno de bem remetido\n  por conta de contrato de comodato	Classificam-se neste código\n  as entradas de bens recebidos em devolução após\n  cumprido o contrato de comodato.
1.910	Entrada de bonificação,\n  doação ou brinde	Classificam-se neste código\n  as entradas de mercadorias recebidas a título de bonificação, doação ou\n  brinde.
1.911	Entrada de amostra\n  grátis	Classificam-se neste código\n  as entradas de mercadorias recebidas a título de amostra grátis.
1.912	Entrada de mercadoria ou\n  bem recebido para demonstração	Classificam-se neste código\n  as entradas de mercadorias ou bens recebidos para demonstração.
1.913	Retorno de mercadoria ou\n  bem remetido para demonstração	Classificam-se neste código\n  as entradas em retorno de mercadorias ou bens remetidos para demonstração.
1.914	Retorno de mercadoria ou\n  bem remetido para exposição ou feira	Classificam-se neste código\n  as entradas em retorno de mercadorias ou bens remetidos para exposição ou\n  feira.
1.915	Entrada de mercadoria ou\n  bem recebido para conserto ou reparo	Classificam-se neste código\n  as entradas de mercadorias ou bens recebidos para conserto ou reparo.
1.916	Retorno de mercadoria ou\n  bem remetido para conserto ou reparo	Classificam-se neste código\n  as entradas em retorno de mercadorias ou bens remetidos para conserto ou\n  reparo.
1.917	Entrada de mercadoria\n  recebida em consignação mercantil ou industrial	Classificam-se neste código\n  as entradas de mercadorias recebidas a título de consignação mercantil ou\n  industrial.
1.918	Devolução de mercadoria\n  remetida em consignação mercantil ou industrial	Classificam-se neste código\n  as entradas por devolução de mercadorias remetidas anteriormente a título de\n  consignação mercantil ou industrial.
1.919	Devolução simbólica de\n  mercadoria vendida ou utilizada em processo industrial, remetida\n  anteriormente em consignação mercantil ou industrial	Classificam-se neste código\n  as entradas por devolução simbólica de mercadorias vendidas ou utilizadas em\n  processo industrial, remetidas anteriormente a título de consignação mercantil\n  ou industrial.
1.920	Entrada de vasilhame ou\n  sacaria	Classificam-se neste código\n  as entradas de vasilhame ou sacaria.
1.921	Retorno de vasilhame ou\n  sacaria	Classificam-se neste código\n  as entradas em retorno de vasilhame ou sacaria.
1.922	Lançamento efetuado a\n  título de simples faturamento decorrente de compra para recebimento futuro	Classificam-se neste código\n  os registros efetuados a título de simples faturamento decorrente de compra\n  para recebimento futuro.
1.923	Entrada de mercadoria\n  recebida do vendedor remetente, em venda à ordem	Classificam-se neste código\n  as entradas de mercadorias recebidas do vendedor remetente, em vendas à\n  ordem, cuja compra do adquirente originário, foi classificada nos códigos\n  1.120 - Compra para industrialização, em venda à ordem, já recebida do\n  vendedor remetente ou 1.121 - Compra para comercialização, em venda à ordem,\n  já recebida do vendedor remetente.
1.924	Entrada para\n  industrialização por conta e ordem do adquirente da mercadoria, quando esta\n  não transitar pelo estabelecimento do adquirente	Classificam-se neste código\n  as entradas de insumos recebidos para serem industrializados por conta e\n  ordem do adquirente, nas hipóteses em que os insumos não tenham transitado\n  pelo estabelecimento do adquirente dos mesmos.
1.925	Retorno de mercadoria\n  remetida para industrialização por conta e ordem do adquirente da mercadoria,\n  quando esta não transitar pelo estabelecimento do adquirente	Classificam-se neste código\n  o retorno dos insumos remetidos por conta e ordem do adquirente, para\n  industrialização e incorporados ao produto final pelo estabelecimento industrializador, nas hipóteses em que os insumos não\n  tenham transitado pelo estabelecimento do adquirente.
1.926	Lançamento efetuado a\n  título de reclassificação de mercadoria decorrente de formação de kit ou de\n  sua desagregação	Classificam-se neste código\n  os registros efetuados a título de reclassificação decorrente de formação de\n  kit de mercadorias ou de sua desagregação.
1.931	Lançamento\n  efetuado pelo tomador do serviço de transporte, quando a responsabilidade de\n  retenção do imposto for atribuída ao remetente ou alienante da mercadoria, pelo\n  serviço de transporte realizado por transportador autônomo ou por\n  transportador não-inscrito na Unidade da Federação onde se tenha iniciado o\n  serviço.	Lançamento\n  efetuado pelo tomador do serviço de transporte realizado por transportador\n  autônomo ou por transportador não-inscrito na Unidade da Federação onde se\n  tenha iniciado o serviço, quando a responsabilidade pela retenção do imposto\n  for atribuída ao remetente ou alienante da mercadoria.\n   (ACR Ajuste\n  SINIEF 03/2004) (DECRETO Nº 26.810/2004))(efeitos a partir 01.01.2005)
1.932	Aquisição de serviço de transporte iniciado em Unidade\n  da Federação diversa daquela onde esteja inscrito o prestador	Aquisição\n  de serviço de transporte que tenha sido iniciado em Unidade da Federação\n  diversa daquela onde o prestador esteja inscrito como contribuinte. (ACR\n  Ajuste SINIEF 03/2004) (DECRETO Nº\n  26.810/2004) (efeitos a partir 01.01.2005)
1.933	Aquisição de serviço tributado pelo Imposto sobre Serviços de\n  Qualquer Natureza (Ajuste SINIEF 06/2005) (NR)	Aquisição de serviço, cujo imposto é de competência municipal,\n  desde que informado em Nota Fiscal modelo 1 ou 1-A. (NR Ajuste SINIEF 06/2005)\n  (DECRETO Nº 26.868/2006 - efeitos a partir 01.01.2006)
1.934	Entrada simbólica de\n  mercadoria recebida para depósito fechado ou armazém geral\n  AJUSTE SINIEF 14, DE 11 DE DEZEMBRO DE 2009( efeitos a partir de 1º de julho de 2010) - DECRETO\n  36.465/2011	Classificam-se\n  neste código as entradas simbólicas de mercadorias recebidas para depósito em\n  depósito fechado ou armazém geral, cuja remessa tenha sido classificada pelo\n  remetente no código "5.934 - Remessa simbólica de mercadoria depositada\n  em armazém geral ou depósito fechado AJUSTE SINIEF 14,\n  DE 11 DE DEZEMBRO DE 2009 (efeitos a partir de 1º de julho de 2010) - DECRETO\n  36.465/2011
1.949	Outra entrada de\n  mercadoria ou prestação de serviço não especificada	Classificam-se neste código\n  as outras entradas de mercadorias ou prestações de serviços que não tenham\n  sido especificadas nos códigos anteriores.
2.101	Compra para industrialização ou produção rural (NR Ajuste SINIEF 05/2005) (Decreto 28.868/2006)	Compra de mercadoria a ser utilizada em processo de\n       industrialização ou produção rural, bem como a entrada de mercadoria em estabelecimento\n       industrial ou produtor rural de cooperativa, recebida de seus cooperados ou\n      de estabelecimento de outra cooperativa.\n     (NR\n       Ajuste SINIEF 05/2005) (Dec. 28.868/2006 - Efeitos a partir de 01/01/2006,\n       ficando facultada ao contribuinte a sua adoção para fatos geradores ocorridos\n      no período de 01 de novembro a 31 de dezembro de 2005)
2.102	Compra para\n  comercialização	Classificam-se neste código\n  as compras de mercadorias a serem comercializadas. Também serão classificadas\n  neste código as entradas de mercadorias em estabelecimento comercial de cooperativa recebidas de seus cooperados ou de estabelecimento de\n  outra cooperativa.
2.111	Compra para\n  industrialização de mercadoria recebida anteriormente em consignação\n  industrial	Classificam-se neste código\n  as compras efetivas de mercadorias a serem utilizadas em processo de\n  industrialização, recebidas anteriormente a título de consignação industrial.
2.113	Compra para\n  comercialização, de mercadoria recebida anteriormente em consignação mercantil	Classificam-se neste código\n  as compras efetivas de mercadorias recebidas anteriormente a título de\n  consignação mercantil.
2.116	Compra para industrialização ou produção rural originada de\n  encomenda para recebimento futuro (NR Ajuste\n  SINIEF 05/2005) (Decreto 28.868/2006)	Compra de mercadoria a ser utilizada em processo de\n  industrialização ou produção rural, quando da entrada real da mercadoria,\n  cuja aquisição tenha sido classificada no código "2.922 – Lançamento\n  efetuado a título de simples faturamento decorrente de compra para\n  recebimento futuro".\n  (NR\n  Ajuste SINIEF 05/2005) (Dec. 28.868/2006 - Efeitos a partir de 01/01/2006,\n  ficando facultada ao contribuinte a sua adoção para fatos geradores ocorridos\n  no período de 01 de novembro a 31 de dezembro de 2005)
2.117	Compra para\n  comercialização originada de encomenda para recebimento futuro	Classificam-se neste código\n  as compras de mercadorias a serem comercializadas, quando da entrada real da mercadoria,\n  cuja aquisição tenha sido classificada no código 2.922 - Lançamento efetuado\n  a título de simples faturamento decorrente de compra para recebimento futuro.
2.118	Compra de mercadoria\n  para comercialização pelo adquirente originário, entregue pelo vendedor\n  remetente ao destinatário, em venda à ordem	Classificam-se neste código\n  as compras de mercadorias já comercializadas, que, sem transitar pelo\n  estabelecimento do adquirente originário, sejam entregues pelo vendedor\n  remetente diretamente ao destinatário, em operação de venda à ordem, cuja\n  venda seja classificada, pelo adquirente originário, no código 6.120 - Venda\n  de mercadoria adquirida ou recebida de terceiros entregue ao destinatário\n  pelo vendedor remetente, em venda à ordem.
2.120	Compra para\n  industrialização, em venda à ordem, já recebida do vendedor remetente	Classificam-se neste código\n  as compras de mercadorias a serem utilizadas em processo de industrialização,\n  em vendas à ordem, já recebidas do vendedor remetente, por ordem do adquirente\n  originário.
2.122	Compra para\n  industrialização em que a mercadoria foi remetida pelo fornecedor ao industrializador sem transitar pelo estabelecimento\n  adquirente	Classificam-se neste código\n  as compras de mercadorias a serem utilizadas em processo de industrialização,\n  remetidas pelo fornecedor para o industrializador\n  sem que a mercadoria tenha transitado pelo estabelecimento do adquirente.
2.124	Industrialização\n  efetuada por outra empresa	Classificam-se neste código\n  as entradas de mercadorias industrializadas por terceiros, compreendendo os\n  valores referentes aos serviços prestados e os das mercadorias de propriedade\n  do industrializador empregadas no processo\n  industrial. Quando a industrialização efetuada se referir a bens do ativo\n  imobilizado ou de mercadorias para uso ou consumo do estabelecimento encomendante, a entrada deverá ser classificada nos\n  códigos 2.551 - Compra de bem para o ativo imobilizado ou 2.556 - Compra de\n  material para uso ou consumo.
2.125	Industrialização\n  efetuada por outra empresa quando a mercadoria remetida para utilização no\n  processo de industrialização não transitou pelo estabelecimento adquirente da\n  mercadoria	Classificam-se neste código\n  as entradas de mercadorias industrializadas por outras empresas, em que as\n  mercadorias remetidas para utilização no processo de industrialização não\n  transitaram pelo estabelecimento do adquirente das mercadorias, compreendendo\n  os valores referentes aos serviços prestados e os das mercadorias de\n  propriedade do industrializador empregadas no\n  processo industrial. Quando a industrialização efetuada se referir a bens do\n  ativo imobilizado ou de mercadorias para uso ou consumo do estabelecimento encomendante, a entrada deverá ser classificada nos\n  códigos 2.551 - Compra de bem para o ativo imobilizado ou 2.556 - Compra de\n  material para uso ou consumo.
2.126	Compra para utilização\n  na prestação de serviço sujeita ao ICMS (AJUSTE\n  SINIEF 4, DE 9 DE JULHO DE 2010) - DECRETO 36.465/2011	Classificam-se neste código\n  as entradas de mercadorias a serem utilizadas nas prestações de serviços\n  sujeitas ao ICMS (AJUSTE SINIEF 4, DE 9 DE JULHO DE\n  2010).\n  efeitos a partir de 1º de janeiro de 2011- DECRETO\n  36.465/2011
2.128	Compra para utilização\n  na prestação de serviço sujeita ao ISSQN(AJUSTE\n  SINIEF 4, DE 9 DE JULHO DE 2010) efeitos a partir de 1º de janeiro de 2011-\n  DECRETO 36.465/2011	Classificam-se neste código\n  as entradas de mercadorias a serem utilizadas nas prestações de serviços\n  sujeitas ao ISSQN. (AJUSTE SINIEF 4, DE 9 DE JULHO DE\n  2010) efeitos a partir de 1º de janeiro de 2011- DECRETO\n  36.465/2011
2.151	Transferência para industrialização ou produção rural (NR Ajuste SINIEF 05/2005) (Decreto 28.868/2006)	Entrada de mercadoria, recebida em transferência de outro\n       estabelecimento da mesma empresa, para ser utilizada em processo de\n      industrialização ou produção rural.\n     (NR\n       Ajuste SINIEF 05/2005) (Dec. 28.868/2006 - Efeitos a partir de 01/01/2006,\n       ficando facultada ao contribuinte a sua adoção para fatos geradores ocorridos\n      no período de 01 de novembro a 31 de dezembro de 2005)
2.152	Transferência para\n  comercialização	Classificam-se neste código\n  as entradas de mercadorias recebidas em transferência de outro\n  estabelecimento da mesma empresa, para serem comercializadas.
2.153	Transferência de energia\n  elétrica para distribuição	Classificam-se neste código\n  as entradas de energia elétrica recebida em transferência de outro estabelecimento\n  da mesma empresa, para distribuição.
2.154	Transferência para\n  utilização na prestação de serviço	Classificam-se neste código\n  as entradas de mercadorias recebidas em transferência de outro\n  estabelecimento da mesma empresa, para serem utilizadas nas prestações de\n  serviços.
2.201	Devolução de venda de produção do estabelecimento	Devolução de venda de produto industrializado ou produzido pelo\n       estabelecimento, cuja saída tenha sido classificada no código "6.101 -\n      Venda de produção do estabelecimento".\n     (NR\n       Ajuste SINIEF 05/2005) (Dec. 28.868/2006 - Efeitos a partir de 01/01/2006, ficando\n       facultada ao contribuinte a sua adoção para fatos geradores ocorridos no\n      período de 01 de novembro a 31 de dezembro de 2005)
2.202	Devolução de venda de\n  mercadoria adquirida ou recebida de terceiros	Devolução de vendas de mercadoria,\n  adquirida ou recebida de terceiro, que não tenham sido objeto de\n  industrialização no estabelecimento, cuja saída tenha sido classificada como\n  Venda de mercadoria adquirida ou recebida de terceiros.
2.203	Devolução de venda de produção do estabelecimento destinada à\n  Zona Franca de Manaus ou Áreas de Livre Comércio	Devolução de venda de produto industrializado ou produzido pelo\n  estabelecimento, cuja saída tenha sido classificada no código "6.109 –\n  Venda de produção do estabelecimento destinada à Zona Franca de Manaus ou\n  Áreas de Livre Comércio".\n   (NR\n  Ajuste SINIEF 05/2005) (Dec. 28.868/2006 - Efeitos a partir de 01/01/2006,\n  ficando facultada ao contribuinte a sua adoção para fatos geradores ocorridos\n  no período de 01 de novembro a 31 de dezembro de 2005)
2.204	Devolução de venda de\n  mercadoria adquirida ou recebida de terceiros, destinada à Zona Franca de\n  Manaus ou Áreas de Livre Comércio	Devolução de venda de\n  mercadoria adquirida ou recebida de terceiro, cuja saída tenha sido classificada\n  no código "6.110 - Venda de mercadoria adquirida ou recebida de terceiros,\n  destinada à Zona Franca de Manaus ou Áreas de Livre Comércio".
2.205	Anulação de valor\n  relativo à prestação de serviço de comunicação	Anulação correspondente a valor\n  faturado indevidamente, decorrente de prestação de serviço de comunicação.
2.206	Anulação de valor\n  relativo à prestação de serviço de transporte	Anulação correspondente a\n  valor faturado indevidamente, decorrente de prestação de serviço de transporte.
2.207	Anulação de valor\n  relativo à venda de energia elétrica	Anulação correspondente a\n  valor faturado indevidamente, decorrente de venda de energia elétrica.
2.208	Devolução de produção do\n  estabelecimento, remetida em transferência.	Devolução de produto industrializado ou produzido pelo\n  estabelecimento e transferido para outro estabelecimento da mesma empresa. \n  (NR\n  Ajuste SINIEF 05/2005) (Dec. 28.868/2006 - Efeitos a partir de 01/01/2006,\n  ficando facultada ao contribuinte a sua adoção para fatos geradores ocorridos\n  no período de 01 de novembro a 31 de dezembro de 2005)
2.209	Devolução de mercadoria\n  adquirida ou recebida de terceiros e remetida em transferência	Devolução de mercadoria adquirida\n  ou recebida de terceiros, transferidas para outros estabelecimentos da mesma\n  empresa.
2.251	Compra de energia\n      elétrica para distribuição ou comercialização	Classificam-se neste código\n       as compras de energia elétrica utilizada em sistema de distribuição ou\n       comercialização. Também serão classificadas neste código as compras de\n      energia elétrica por cooperativas para distribuição com seus cooperados.
2.252	Compra de energia\n  elétrica por estabelecimento industrial	Classificam-se neste código\n  as compras de energia elétrica utilizada no processo de industrialização.\n  Também serão classificadas neste código as compras de energia elétrica\n  utilizada por estabelecimento industrial de cooperativa.
2.253	Compra de energia\n  elétrica por estabelecimento comercial	Classificam-se neste código\n  as compras de energia elétrica utilizada por estabelecimento comercial.\n  Também serão classificadas neste código as compras de energia elétrica\n  utilizada por estabelecimento comercial de cooperativa.
2.254	Compra de energia\n  elétrica por estabelecimento prestador de serviço de transporte	Classificam-se neste código\n  as compras de energia elétrica utilizada por estabelecimento prestador de\n  serviços de transporte.
2.255	Compra de energia\n  elétrica por estabelecimento prestador de serviço de comunicação	Classificam-se neste código\n  as compras de energia elétrica utilizada por estabelecimento prestador de\n  serviços de comunicação.
2.256	Compra de energia\n  elétrica por estabelecimento de produtor rural	Classificam-se neste código\n  as compras de energia elétrica utilizada por estabelecimento de produtor\n  rural.
2.257	Compra de energia\n  elétrica para consumo por demanda contratada	Classificam-se neste código\n  as compras de energia elétrica para consumo por demanda contratada, que\n  prevalecerá sobre os demais códigos deste subgrupo.
2.301	Aquisição de serviço de\n      comunicação para execução de serviço da mesma natureza	Classificam-se neste código\n       as aquisições de serviços de comunicação utilizados nas prestações de serviços\n      da mesma natureza.
2.302	Aquisição de serviço de\n  comunicação por estabelecimento industrial	Classificam-se neste código\n  as aquisições de serviços de comunicação utilizados por estabelecimento industrial.\n  Também serão classificadas neste código as aquisições de serviços de\n  comunicação utilizados por estabelecimento industrial de cooperativa.
2.303	Aquisição de serviço de\n  comunicação por estabelecimento comercial	Classificam-se neste código\n  as aquisições de serviços de comunicação utilizados por estabelecimento\n  comercial. Também serão classificadas neste código as aquisições de serviços\n  de comunicação utilizados por estabelecimento comercial de cooperativa.
2.304	Aquisição de serviço de\n  comunicação por estabelecimento de prestador de serviço de transporte	Classificam-se neste código\n  as aquisições de serviços de comunicação utilizado por\n  estabelecimento prestador de serviço de transporte.
2.305	Aquisição de serviço de\n  comunicação por estabelecimento de geradora ou de distribuidora de energia\n  elétrica	Classificam-se neste código\n  as aquisições de serviços de comunicação utilizados por estabelecimento de\n  geradora ou de distribuidora de energia elétrica.
2.306	Aquisição de serviço de\n  comunicação por estabelecimento de produtor rural	Classificam-se neste código\n  as aquisições de serviços de comunicação utilizados por estabelecimento de\n  produtor rural.
2.351	Aquisição de serviço de\n      transporte para execução de serviço da mesma natureza	Classificam-se neste código\n       as aquisições de serviços de transporte utilizados nas prestações de serviços\n      da mesma natureza.
2.352	Aquisição de serviço de\n  transporte por estabelecimento industrial	Classificam-se neste código\n  as aquisições de serviços de transporte utilizados por estabelecimento\n  industrial. Também serão classificadas neste código as aquisições de serviços\n  de transporte utilizados por estabelecimento industrial de cooperativa.
2.353	Aquisição de serviço de\n  transporte por estabelecimento comercial	Classificam-se neste código\n  as aquisições de serviços de transporte utilizados por estabelecimento\n  comercial. Também serão classificadas neste código as aquisições de serviços\n  de transporte utilizados por estabelecimento comercial de cooperativa.
2.354	Aquisição de serviço de\n  transporte por estabelecimento de prestador de serviço de comunicação	Classificam-se neste código\n  as aquisições de serviços de transporte utilizados por estabelecimento\n  prestador de serviços de comunicação.
2.355	Aquisição de serviço de\n  transporte por estabelecimento de geradora ou de distribuidora de energia\n  elétrica	Classificam-se neste código\n  as aquisições de serviços de transporte utilizados por estabelecimento de\n  geradora ou de distribuidora de energia elétrica.
2.356	Aquisição de serviço de\n  transporte por estabelecimento de produtor rural	Classificam-se neste código\n  as aquisições de serviços de transporte utilizados por estabelecimento de\n  produtor rural.
2.401	Compra para industrialização ou produção rural de mercadoria\n       sujeita ao regime de substituição tributária (NR Ajuste SINIEF 05/2005) (Decreto\n      28.868/2006)	Compra de mercadoria, sujeita ao regime de substituição tributária,\n       a ser utilizada em processo de industrialização ou produção rural, bem como\n       compra, por estabelecimento industrial ou produtor rural de cooperativa, de\n      mercadoria sujeita ao mencionado regime.\n     (NR\n       Ajuste SINIEF 05/2005) (Dec. 28.868/2006 - Efeitos a partir de 01/01/2006,\n       ficando facultada ao contribuinte a sua adoção para fatos geradores ocorridos\n      no período de 01 de novembro a 31 de dezembro de 2005)
2.403	Compra para\n  comercialização em operação com mercadoria sujeita ao regime de substituição\n  tributária	Classificam-se neste código\n  as compras de mercadorias a serem comercializadas, decorrentes de operações\n  com mercadorias sujeitas ao regime de substituição tributária. Também serão\n  classificadas neste código as compras de mercadorias sujeitas ao regime de\n  substituição tributária em estabelecimento comercial de cooperativa.
2.406	Compra de bem para o\n  ativo imobilizado cuja mercadoria está sujeita ao regime de substituição\n  tributária	Classificam-se neste código\n  as compras de bens destinados ao ativo imobilizado do estabelecimento, em\n  operações com mercadorias sujeitas ao regime de substituição tributária.
2.407	Compra de mercadoria\n  para uso ou consumo cuja mercadoria está sujeita ao regime de substituição tributária	Classificam-se neste código\n  as compras de mercadorias destinadas ao uso ou consumo do estabelecimento, em\n  operações com mercadorias sujeitas ao regime de substituição tributária.
2.408	Transferência para industrialização ou produção rural de\n  mercadoria sujeita ao regime de substituição tributária (NR Ajuste SINIEF 05/2005) (Decreto 28.868/2006)	Entrada de mercadoria, sujeita ao regime de substituição\n  tributária, recebida em transferência de outro estabelecimento da mesma\n  empresa, para ser industrializada ou consumida na produção rural no\n  estabelecimento destinatário.\n  (NR\n  Ajuste SINIEF 05/2005) (Dec. 28.868/2006 - Efeitos a partir de 01/01/2006,\n  ficando facultada ao contribuinte a sua adoção para fatos geradores ocorridos\n  no período de 01 de novembro a 31 de dezembro de 2005)
2.409	Transferência para\n  comercialização em operação com mercadoria sujeita ao regime de substituição\n  tributária	Classificam-se neste código\n  as mercadorias recebidas em transferência de outro estabelecimento da mesma\n  empresa, para serem comercializadas, decorrentes de operações sujeitas ao\n  regime de substituição tributária.
2.410	Devolução de venda de produção do estabelecimento, quando o\n  produto estiver sujeito ao regime de substituição tributária	Devolução de produto industrializado ou produzido pelo\n  estabelecimento, cuja saída tenha sido classificada como "Venda de\n  produção do estabelecimento quando o produto estiver sujeito ao regime de\n  substituição tributária".\n  (NR\n  Ajuste SINIEF 05/2005) (Dec. 28.868/2006 - Efeitos a partir de 01/01/2006,\n  ficando facultada ao contribuinte a sua adoção para fatos geradores ocorridos\n  no período de 01 de novembro a 31 de dezembro de 2005)
2.411	Devolução de venda de\n  mercadoria adquirida ou recebida de terceiros em operação com mercadoria\n  sujeita ao regime de substituição tributária	Devolução de vendas de\n  mercadoria adquirida ou recebida de terceiro, cuja saída tenha sido classificada\n  como "Venda de mercadoria adquirida ou recebida de terceiros em operação com\n  mercadoria sujeita ao regime de substituição tributária".
2.414	Retorno de produção do estabelecimento, remetida para venda fora\n  do estabelecimento, quando o produto estiver sujeito ao regime de\n  substituição tributária	Entrada, em retorno, de produto industrializado ou produzido\n  pelo estabelecimento sujeito ao regime de substituição tributária, remetido\n  para venda fora do estabelecimento, inclusive por meio de veículo, e não\n  comercializado. \n  (NR\n  Ajuste SINIEF 05/2005) (Dec. 28.868/2006 - Efeitos a partir de 01/01/2006,\n  ficando facultada ao contribuinte a sua adoção para fatos geradores ocorridos\n  no período de 01 de novembro a 31 de dezembro de 2005)
2.415	Retorno de mercadoria\n  adquirida ou recebida de terceiros, remetida para venda fora do\n  estabelecimento em operação com mercadoria sujeita ao regime de substituição\n  tributária	Entrada, em retorno, de\n  mercadoria sujeita ao regime de substituição tributária, adquirida ou recebida de terceiro remetida para venda fora do estabelecimento,\n  inclusive por meio de veículo, e não comercializada.
2.501	Entrada de mercadoria\n      recebida com fim específico de exportação	Classificam-se neste código\n       as entradas de mercadorias em estabelecimento de trading company,\n       empresa comercial exportadora ou outro estabelecimento do remetente, com fim\n      específico de exportação.
2.503	Entrada decorrente de devolução de produto industrializado pelo estabelecimento,\n  remetido com fim específico de exportação	Devolução de produto industrializado ou produzido pelo\n  estabelecimento, remetido a "trading company",\n  a empresa comercial exportadora ou a outro estabelecimento do remetente, com\n  fim específico de exportação, cuja saída tenha sido classificada no código\n  "6.501 – Remessa de produção do estabelecimento com fim específico de\n  exportação".\n  (NR\n  Ajuste SINIEF 05/2005) (Dec.28.868/2006\n  - Efeitos a partir de 01/01/2006, ficando facultada ao contribuinte a sua\n  adoção para fatos geradores ocorridos no período de 01 de novembro a 31 de\n  dezembro de 2005)
2.504	Entrada decorrente de\n  devolução de mercadoria remetida com fim específico de exportação, adquirida\n  ou recebida de terceiros	Classificam-se neste código\n  as devoluções de mercadorias adquiridas ou recebidas de terceiros\n  remetidas a trading company, a empresa\n  comercial exportadora ou a outro estabelecimento do remetente, com fim\n  específico de exportação, cujas saídas tenham sido classificadas no código\n  6.502 - Remessa de mercadoria adquirida ou recebida de terceiros, com fim\n  específico de exportação.
2.505	Entrada decorrente de devolução simbólica de mercadoria remetida\n  para formação de lote de exportação, de produto industrializado ou produzido pelo\n  próprio estabelecimento.	Devolução simbólica de mercadoria remetida para formação de lote\n  de exportação, cuja saída tenha sido classificada no código "6.504\n  – Remessa de mercadoria para formação de lote de exportação, de produto industrializado\n  ou produzido pelo próprio estabelecimento". (ACR Ajuste SINIEF 09/2005) (Decreto 28.868/2006)\n  (ACR Ajuste SINIEF 09/2005) (Dec. 28.868/2006 - a sua aplicação\n  será obrigatória em relação aos fatos geradores ocorridos a partir de 01 de\n  julho de 2006, ficando facultada ao contribuinte a sua adoção para fatos\n  geradores ocorridos no período de 01 de janeiro a 30 de junho de 2006)
2.506	Entrada decorrente de devolução simbólica de mercadoria,\n  adquirida ou recebida de terceiros, remetida para formação de lote de\n  exportação.	Devolução simbólica de mercadoria remetida para formação de lote\n  de exportação em armazéns alfandegados, entrepostos aduaneiros ou outros\n  estabelecimentos que venham a ser regulamentados pela legislação tributária\n  de cada Unidade Federada, efetuada pelo estabelecimento depositário, cuja\n  saída tenha sido classificada no código "6.505 – Remessa de\n  mercadoria, adquirida ou recebida de terceiros, para formação de lote de\n  exportação".\n  (ACR Ajuste SINIEF 09/2005) (Dec. 28.868/2006 - a sua aplicação\n  será obrigatória em relação aos fatos geradores ocorridos a partir de 01 de\n  julho de 2006, ficando facultada ao contribuinte a sua adoção para fatos\n  geradores ocorridos no período de 01 de janeiro a 30 de junho de 2006)
2.552	Transferência de bem do\n  ativo imobilizado	Classificam-se neste código\n  as entradas de bens destinados ao ativo imobilizado recebidos em\n  transferência de outro estabelecimento da mesma empresa.
2.553	Devolução de venda de\n  bem do ativo imobilizado	Classificam-se neste código\n  as devoluções de vendas de bens do ativo imobilizado, cujas saídas tenham\n  sido classificadas no código 6.551 - Venda de bem do ativo imobilizado.
2.554	Retorno de bem do ativo\n  imobilizado remetido para uso fora do estabelecimento	Classificam-se neste código\n  as entradas por retorno de bens do ativo imobilizado remetidos para uso fora do\n  estabelecimento, cujas saídas tenham sido classificadas no código 6.554 -\n  Remessa de bem do ativo imobilizado para uso fora do estabelecimento.
2.555	Entrada de bem do ativo\n  imobilizado de terceiro, remetido para uso no estabelecimento	Classificam-se neste código\n  as entradas de bens do ativo imobilizado de terceiros, remetidos para uso no\n  estabelecimento.
2.556	Compra de material para\n  uso ou consumo	Classificam-se neste código\n  as compras de mercadorias destinadas ao uso ou consumo do estabelecimento.
2.557	Transferência de\n  material para uso ou consumo	Classificam-se neste código\n  as entradas de materiais para uso ou consumo recebidos em transferência de\n  outro estabelecimento da mesma empresa.
2.918	Devolução de mercadoria remetida\n  em consignação mercantil ou industrial	Classificam-se neste código\n  as entradas por devolução de mercadorias remetidas anteriormente a título de\n  consignação mercantil ou industrial.
2.603	Ressarcimento de ICMS\n      retido por substituição tributária	Classificam-se neste código\n       os lançamentos destinados ao registro de ressarcimento de ICMS retido por\n       substituição tributária a contribuinte substituído,\n       efetuado pelo contribuinte substituto, nas hipóteses previstas na legislação\n      aplicável.
2.651	Compra de combustível ou\n      lubrificante para industrialização subseqüente	Compra de combustível ou\n       lubrificante a ser utilizados em processo de industrialização do próprio\n       produto. (a\n         partir 01.01.2004 -  Decreto\n      Nº 26.174 de 26/11/2003)
2.652	Compra de combustível ou\n  lubrificante para comercialização	Compra de combustível ou\n  lubrificante a ser comercializados. (a partir\n  01.01.2004 -  Decreto\n  Nº 26.174 de 26/11/2003)
2.653	Compra de combustível ou\n  lubrificante por consumidor ou usuário final	Compra de combustível ou lubrificante, a ser consumidos em\n  processo de industrialização de outros produtos, na produção rural, na\n  prestação de serviço ou por usuário final. \n  (NR\n  Ajuste SINIEF 05/2005) (Dec.28.868/2006\n  - Efeitos a partir de 01/01/2006, ficando facultada ao contribuinte a sua\n  adoção para fatos geradores ocorridos no período de 01 de novembro a 31 de\n  dezembro de 2005)
2.658	Transferência de combustível\n  ou lubrificante para industrialização	Entrada de combustível ou\n  lubrificante, recebidos em transferência de outro estabelecimento da mesma\n  empresa, para ser utilizados em processo de industrialização do próprio\n  produto. (a\n  partir 01.01.2004 -  Decreto\n  Nº 26.174 de 26/11/2003)
2.659	Transferência de\n  combustível ou lubrificante para comercialização	Entrada de combustível ou\n  lubrificante, recebidos em transferência de outro estabelecimento da mesma\n  empresa, para ser comercializados. (a\n  partir 01.01.2004 -  Decreto\n  Nº 26.174 de 26/11/2003)
2.660	Devolução\n  de venda de combustível ou lubrificante destinados à industrialização\n  subseqüente	Devolução\n  de venda de combustível ou lubrificante, cuja saída tenha sido classificada\n  como "Venda de combustível ou lubrificante destinados à industrialização\n  subseqüente".(a partir 01.01.2004 -  Decreto Nº 26.174\n  de 26/11/2003)
2.661	Devolução de venda de\n  combustível ou lubrificante destinados à comercialização	Devolução de venda de combustível\n  ou lubrificante, cuja saída tenha sido classificada como "Venda de\n  combustível ou lubrificante para comercialização".(a partir 01.01.2004 -  Decreto Nº 26.174 de 26/11/2003)
2.662	Devolução de venda de\n  combustível ou lubrificante destinados a consumidor ou usuário final	Devolução de venda de\n  combustível ou lubrificante, cuja saída tenha sido classificada como\n  "Venda de combustível ou lubrificante por consumidor ou usuário final".(a\n  partir 01.01.2004 -  Decreto\n  Nº 26.174 de 26/11/2003)
2.663	Entrada de combustível\n  ou lubrificante para armazenagem	Entrada de combustível ou\n  lubrificante para armazenagem. (a partir 01.01.2004 -  Decreto Nº 26.174 de 26/11/2003)
2.664	Retorno de combustível\n  ou lubrificante remetidos para armazenagem	Entrada, ainda que\n  simbólica, por retorno de combustível ou lubrificante,\n  remetidos para armazenagem. (a partir 01.01.2004 -  Decreto Nº 26.174 de 26/11/2003)
2.901	Entrada para\n      industrialização por encomenda	Classificam-se neste código\n       as entradas de insumos recebidos para industrialização por encomenda de outra\n      empresa ou de outro estabelecimento da mesma empresa.
2.902	Retorno de mercadoria\n  remetida para industrialização por encomenda	Classificam-se neste código\n  o retorno dos insumos remetidos para industrialização por encomenda,\n  incorporados ao produto final pelo estabelecimento industrializador.
2.903	Entrada de mercadoria\n  remetida para industrialização e não aplicada no referido processo	Classificam-se neste código\n  as entradas em devolução de insumos remetidos para industrialização e não\n  aplicados no referido processo.
2.904	Retorno de remessa para\n  venda fora do estabelecimento	Classificam-se neste código\n  as entradas em retorno de mercadorias remetidas para venda fora do\n  estabelecimento, inclusive por meio de veículos, e não comercializadas.
2.905	Entrada de mercadoria recebida\n  para depósito em depósito fechado ou armazém geral	Classificam-se neste código\n  as entradas de mercadorias recebidas para depósito em depósito fechado ou\n  armazém geral.
2.906	Retorno de mercadoria\n  remetida para depósito fechado ou armazém geral	Classificam-se neste código\n  as entradas em retorno de mercadorias remetidas para depósito em depósito\n  fechado ou armazém geral.
2.907	Retorno simbólico de\n  mercadoria remetida para depósito fechado ou armazém geral	Classificam-se neste código\n  as entradas em retorno simbólico de mercadorias remetidas para depósito em\n  depósito fechado ou armazém geral, quando as mercadorias depositadas tenham\n  sido objeto de saída a qualquer título e que não tenham retornado ao\n  estabelecimento depositante.
2.908	Entrada de bem por conta\n  de contrato de comodato	Classificam-se neste código\n  as entradas de bens recebidos em cumprimento de contrato de comodato.
2.909	Retorno de bem remetido\n  por conta de contrato de comodato	Classificam-se neste código\n  as entradas de bens recebidos em devolução após\n  cumprido o contrato de comodato.
2.910	Entrada de bonificação,\n  doação ou brinde	Classificam-se neste código\n  as entradas de mercadorias recebidas a título de bonificação, doação ou\n  brinde.
2.911	Entrada de amostra\n  grátis	Classificam-se neste código\n  as entradas de mercadorias recebidas a título de amostra grátis.
2.912	Entrada de mercadoria ou\n  bem recebido para demonstração	Classificam-se neste código\n  as entradas de mercadorias ou bens recebidos para demonstração.
2.913	Retorno de mercadoria ou\n  bem remetido para demonstração	Classificam-se neste código\n  as entradas em retorno de mercadorias ou bens remetidos para demonstração.
2.914	Retorno de mercadoria ou\n  bem remetido para exposição ou feira	Classificam-se neste código\n  as entradas em retorno de mercadorias ou bens remetidos para exposição ou\n  feira.
2.915	Entrada de mercadoria ou\n  bem recebido para conserto ou reparo	Classificam-se neste código\n  as entradas de mercadorias ou bens recebidos para conserto ou reparo.
2.916	Retorno de mercadoria ou\n  bem remetido para conserto ou reparo	Classificam-se neste código\n  as entradas em retorno de mercadorias ou bens remetidos para conserto ou\n  reparo.
2.917	Entrada de mercadoria\n  recebida em consignação mercantil ou industrial	Classificam-se neste código\n  as entradas de mercadorias recebidas a título de consignação mercantil ou\n  industrial.
3.205	Anulação de valor\n  relativo à prestação de serviço de comunicação	Classificam-se neste código\n  as anulações correspondentes a valores faturados indevidamente, decorrentes\n  de prestações de serviços de comunicação.
2.919	Devolução simbólica de mercadoria\n  vendida ou utilizada em processo industrial, remetida anteriormente em\n  consignação mercantil ou industrial	Classificam-se neste código\n  as entradas por devolução simbólica de mercadorias vendidas ou utilizadas em\n  processo industrial, remetidas anteriormente a título de consignação\n  mercantil ou industrial.
2.920	Entrada de vasilhame ou\n  sacaria	Classificam-se neste código\n  as entradas de vasilhame ou sacaria.
2.921	Retorno de vasilhame ou\n  sacaria	Classificam-se neste código\n  as entradas em retorno de vasilhame ou sacaria.
2.922	Lançamento efetuado a\n  título de simples faturamento decorrente de compra para recebimento futuro	Classificam-se neste código\n  os registros efetuados a título de simples faturamento decorrente de compra\n  para recebimento futuro.
2.923	Entrada de mercadoria\n  recebida do vendedor remetente, em venda à ordem	Classificam-se neste código\n  as entradas de mercadorias recebidas do vendedor remetente, em vendas à\n  ordem, cuja compra do adquirente originário, foi classificada nos códigos\n  2.120 - Compra para industrialização, em venda à ordem, já recebida do\n  vendedor remetente ou 2.121 - Compra para comercialização, em venda à ordem,\n  já recebida do vendedor remetente.
2.924	Entrada para industrialização\n  por conta e ordem do adquirente da mercadoria, quando esta não transitar pelo\n  estabelecimento do adquirente	Classificam-se neste código\n  as entradas de insumos recebidos para serem industrializados por conta e\n  ordem do adquirente, nas hipóteses em que os insumos não tenham transitado\n  pelo estabelecimento do adquirente dos mesmos.
2.925	Retorno de mercadoria\n  remetida para industrialização por conta e ordem do adquirente da mercadoria,\n  quando esta não transitar pelo estabelecimento do adquirente	Classificam-se neste código\n  o retorno dos insumos remetidos por conta e ordem do adquirente, para\n  industrialização e incorporados ao produto final pelo estabelecimento industrializador, nas hipóteses em que os insumos não\n  tenham transitado pelo estabelecimento do adquirente.
2.931	Lançamento\n  efetuado pelo tomador do serviço de transporte, quando a responsabilidade de\n  retenção do imposto for atribuída ao remetente ou alienante da mercadoria, pelo\n  serviço de transporte realizado por transportador autônomo ou por\n  transportador não-inscrito na Unidade da Federação onde se tenha iniciado o\n  serviço	Lançamento\n  efetuado pelo tomador do serviço de transporte realizado por transportador\n  autônomo ou por transportador não-inscrito na Unidade da Federação onde se\n  tenha iniciado o serviço, quando a responsabilidade pela retenção do imposto\n  for atribuída ao remetente ou alienante da mercadoria.\n   (ACR\n  Ajuste SINIEF 03/2004) (DECRETO Nº\n  26.810/2004) (a partir de 01.01.2005)
2.932	Aquisição\n  de serviço de transporte iniciado em Unidade da Federação diversa daquela\n  onde esteja inscrito o prestador	Aquisição\n  de serviço de transporte que tenha sido iniciado em Unidade da Federação\n  diversa daquela onde o prestador esteja inscrito como contribuinte. (ACR Ajuste SINIEF 03/2004)\n  (DECRETO Nº 26.810/2004) (a partir de 01.01.2005)
2.933	Aquisição de serviço tributado pelo Imposto Sobre Serviços de\n  Qualquer Natureza	Aquisição de serviço, cujo imposto é de competência municipal,\n  desde que informado em Nota Fiscal modelo 1 e 1-A. (NR Ajuste SINIEF 06/2005) (a partir de 01.01.2006)
2.934	Entrada simbólica de mercadoria recebida para depósito\n  fechado ou armazém geral\n  (AJUSTE SINIEF 14, DE 11 DE DEZEMBRO DE 2009) efeitos a\n  partir de 1º de julho de 2010- DECRETO 36.465/2011	Classificam-se neste código\n  as entradas simbólicas de mercadorias recebidas para depósito em depósito\n  fechado ou armazém geral, cuja remessa tenha sido classificada pelo remetente\n  no código "6.934 - Remessa simbólica de mercadoria depositada em armazém\n  geral ou depósito fechado (AJUSTE SINIEF 14, DE 11 DE\n  DEZEMBRO DE 2009 efeitos a partir de 1º de julho de 2010- DECRETO 36.465/2011
2.949	Outra entrada de\n  mercadoria ou prestação de serviço não especificado	Classificam-se neste código\n  as outras entradas de mercadorias ou prestações de serviços que não tenham\n  sido especificados nos códigos anteriores.
3.101	Compra para industrialização ou produção rural\n       (NR Ajuste SINIEF 05/2005) (Decreto\n      28.868/2006)	Compra de mercadoria a ser utilizada em processo de industrialização\n       ou produção rural, bem como a entrada de mercadoria em estabelecimento\n      industrial ou produtor rural de cooperativa.\n     (NR Ajuste SINIEF 05/2005) (Dec.28.868/2006 -\n       Efeitos a partir de 01/01/2006, ficando facultada ao contribuinte a sua\n       adoção para fatos geradores ocorridos no período de 01 de novembro a 31 de\n      dezembro de 2005)
3.102	Compra para\n  comercialização	Classificam-se neste código\n  as compras de mercadorias a serem comercializadas. Também serão classificadas\n  neste código as entradas de mercadorias em estabelecimento comercial de\n  cooperativa.
3.126	Compra para utilização\n  na prestação de serviço sujeita ao ICMS (AJUSTE\n  SINIEF 4, DE 9 DE JULHO DE 2010) efeitos a partir de 1º de janeiro de 2011- DECRETO 36.465/2011	Classificam-se neste código\n  as entradas de mercadorias a serem utilizadas nas prestações de serviços sujeitas\n  ao ICMS (AJUSTE SINIEF 4, DE 9 DE JULHO DE 2010). efeitos a partir de 1º de janeiro de 2011- DECRETO\n  36.465/2011
3.127	Compra para\n  industrialização sob o regime de drawback	Classificam-se neste código\n  as compras de mercadorias a serem utilizadas em processo de industrialização\n  e posterior exportação do produto resultante, cujas vendas serão\n  classificadas no código 7.127 - Venda de produção do estabelecimento sob o\n  regime de drawback.
3.128	Compra para utilização\n  na prestação de serviço sujeita ao ISSQN(AJUSTE\n  SINIEF 4, DE 9 DE JULHO DE 2010) efeitos a partir de 1º de janeiro de 2011-\n  DECRETO 36.465/2011	Classificam-se neste código\n  as entradas de mercadorias a serem utilizadas nas prestações de serviços\n  sujeitas ao ISSQN. (AJUSTE SINIEF 4, DE 9 DE JULHO DE\n  2010) efeitos a partir de 1º de janeiro de 2011- DECRETO\n  36.465/2011
3.201	Devolução de venda de\n      produção do estabelecimento	Devolução de venda de produto industrializado ou produzido pelo\n       próprio estabelecimento, cuja saída tenha sido classificada como "Venda\n      de produção do estabelecimento".\n     (NR Ajuste SINIEF 05/2005) (Dec.28.868/2006 - Efeitos a\n       partir de 01/01/2006, ficando facultada ao contribuinte a sua adoção para\n       fatos geradores ocorridos no período de 01 de novembro a 31 de dezembro de\n      2005)
3.202	Devolução de venda de\n  mercadoria adquirida ou recebida de terceiros	Classificam-se neste código\n  as devoluções de vendas de mercadorias adquiridas ou recebidas de terceiros,\n  que não tenham sido objeto de industrialização no estabelecimento, cujas\n  saídas tenham sido classificadas como Venda de mercadoria adquirida ou\n  recebida de terceiros.
5.258	Venda de energia\n  elétrica a não contribuinte	Classificam-se neste código\n  as vendas de energia elétrica a pessoas físicas ou a pessoas jurídicas não\n  indicadas nos códigos anteriores.
3.206	Anulação de valor\n  relativo à prestação de serviço de transporte	Classificam-se neste código\n  as anulações correspondentes a valores faturados indevidamente, decorrentes\n  de prestações de serviços de transporte.
3.207	Anulação de valor\n  relativo à venda de energia elétrica	Classificam-se neste código\n  as anulações correspondentes a valores faturados indevidamente, decorrentes\n  de venda de energia elétrica.
3.211	Devolução de venda de\n  produção do estabelecimento sob o regime de drawback	Classificam-se neste código\n  as devoluções de vendas de produtos industrializados pelo estabelecimento sob\n  o regime de drawback.
3.251	Compra de energia\n      elétrica para distribuição ou comercialização	Classificam-se neste código\n       as compras de energia elétrica utilizada em sistema de distribuição ou\n       comercialização. Também serão classificadas neste código as compras de\n      energia elétrica por cooperativas para distribuição aos seus cooperados.
3.301	Aquisição de serviço de\n      comunicação para execução de serviço da mesma natureza	Classificam-se neste código\n       as aquisições de serviços de comunicação utilizados nas prestações de serviços\n      da mesma natureza.
3.351	Aquisição de serviço de\n      transporte para execução de serviço da mesma natureza	Classificam-se neste código\n       as aquisições de serviços de transporte utilizados nas prestações de serviços\n      da mesma natureza.
3.352	Aquisição de serviço de\n  transporte por estabelecimento industrial	Classificam-se neste código\n  as aquisições de serviços de transporte utilizados por estabelecimento\n  industrial. Também serão classificadas neste código as aquisições de serviços\n  de transporte utilizados por estabelecimento industrial de cooperativa.
3.353	Aquisição de serviço de\n  transporte por estabelecimento comercial	Classificam-se neste código\n  as aquisições de serviços de transporte utilizados por estabelecimento\n  comercial. Também serão classificadas neste código as aquisições de serviços\n  de transporte utilizados por estabelecimento comercial de cooperativa.
3.354	Aquisição de serviço de\n  transporte por estabelecimento de prestador de serviço de comunicação	Classificam-se neste código\n  as aquisições de serviços de transporte utilizados por estabelecimento\n  prestador de serviços de comunicação.
3.355	Aquisição de serviço de\n  transporte por estabelecimento de geradora ou de distribuidora de energia\n  elétrica	Classificam-se neste código\n  as aquisições de serviços de transporte utilizados por estabelecimento de\n  geradora ou de distribuidora de energia elétrica.
3.356	Aquisição de serviço de\n  transporte por estabelecimento de produtor rural	Classificam-se neste código\n  as aquisições de serviços de transporte utilizados por estabelecimento de\n  produtor rural.
3.503	Devolução de mercadoria\n      exportada que tenha sido recebida com fim específico de exportação	Classificam-se neste código\n       as devoluções de mercadorias exportadas por trading company,\n       empresa comercial exportadora ou outro estabelecimento do remetente,\n       recebidas com fim específico de exportação, cujas saídas tenham sido\n       classificadas no código 7.501 - Exportação de mercadorias recebidas com fim\n      específico de exportação.
3.551	Compra de bem para o\n      ativo imobilizado	Classificam-se neste código\n      as compras de bens destinados ao ativo imobilizado do estabelecimento.
3.553	Devolução de venda de\n  bem do ativo imobilizado	Classificam-se neste código\n  as devoluções de vendas de bens do ativo imobilizado, cujas saídas tenham\n  sido classificadas no código 7.551 - Venda de bem do ativo imobilizado.
3.556	Compra de material para\n  uso ou consumo	Classificam-se neste código\n  as compras de mercadorias destinadas ao uso ou consumo do estabelecimento.
3.651	Compra de combustível ou\n      lubrificante para industrialização subseqüente	Compra de combustível ou\n       lubrificante a ser utilizados em processo de industrialização do próprio\n       produto. (a\n         partir 01.01.2004 -  Decreto\n      Nº 26.174 de 26/11/2003)
3.652	Compra de combustível ou\n  lubrificante para comercialização	Compra de combustível ou\n  lubrificante a ser comercializados. (a partir 01.01.2004 -  Decreto Nº 26.174 de 26/11/2003)
3.653	Compra de combustível ou lubrificante por consumidor ou usuário\n  final	Compra de combustível ou lubrificante, a ser consumidos em\n  processo de industrialização de outros produtos, na produção rural, na\n  prestação de serviço ou por usuário final. \n  (NR Ajuste SINIEF 05/2005) (Dec.28.868/2006 - Efeitos a\n  partir de 01/01/2006, ficando facultada ao contribuinte a sua adoção para\n  fatos geradores ocorridos no período de 01 de novembro a 31 de dezembro de\n  2005)
3.930	Lançamento efetuado a título\n       de entrada de bem sob amparo de regime especial aduaneiro de admissão\n      temporária	Lançamento efetuado a\n       título de entrada de bem amparada por regime especial aduaneiro de admissão\n       temporária. – (Decreto Nº 26.174 de\n      26/11/2003). a partir 01.01.2004
3.949	Outra entrada de\n  mercadoria ou prestação de serviço não especificado	Outra entrada de mercadoria\n  ou prestação de serviço que não tenham sido especificada\n  nos códigos anteriores. – (Decreto Nº 26.174 de\n  26/11/2003). a partir 01.01.2004
5.101	Venda de produção do\n      estabelecimento	Venda de produto industrializado ou produzido pelo estabelecimento,\n       bem como a de mercadoria por estabelecimento industrial ou produtor rural de\n       cooperativa destinada a seus cooperados ou a estabelecimento de outra\n      cooperativa. \n     (NR\n       Ajuste SINIEF 05/2005) (Dec.28.868/2006\n         - Efeitos a partir de 01/01/2006, ficando facultada ao contribuinte a sua\n         adoção para fatos geradores ocorridos no período de 01 de novembro a 31 de\n      dezembro de 2005)
5.102	Venda de mercadoria\n  adquirida ou recebida de terceiros	Classificam-se neste código\n  as vendas de mercadorias adquiridas ou recebidas de terceiros para\n  industrialização ou comercialização, que não tenham sido objeto de qualquer\n  processo industrial no estabelecimento. Também serão classificadas neste\n  código as vendas de mercadorias por estabelecimento comercial\n  de cooperativa destinadas a seus cooperados ou estabelecimento de\n  outra cooperativa.
5.103	Venda de produção do estabelecimento efetuada fora do\n  estabelecimento	Venda efetuada fora do estabelecimento, inclusive por meio de\n  veículo, de produto industrializado ou produzido no estabelecimento. \n  (NR\n  Ajuste SINIEF 05/2005) (Dec.28.868/2006\n  - Efeitos a partir de 01/01/2006, ficando facultada ao contribuinte a sua\n  adoção para fatos geradores ocorridos no período de 01 de novembro a 31 de\n  dezembro de 2005)
5.257	Venda de energia\n  elétrica para consumo por demanda contratada	Classificam-se neste código\n  as vendas de energia elétrica para consumo por demanda contratada, que\n  prevalecerá sobre os demais códigos deste subgrupo.
5.104	Venda de mercadoria\n  adquirida ou recebida de terceiros, efetuada fora do estabelecimento	Classificam-se neste código\n  as vendas efetuadas fora do estabelecimento, inclusive por meio de veículo,\n  de mercadorias adquiridas ou recebidas de terceiros para industrialização ou\n  comercialização, que não tenham sido objeto de qualquer processo industrial\n  no estabelecimento.
5.105	Venda de produção do\n  estabelecimento que não deva por ele transitar	Classificam-se neste código\n  as vendas de produtos industrializados no estabelecimento, armazenados em\n  depósito fechado, armazém geral ou outro sem que haja retorno ao\n  estabelecimento depositante.
5.106	Venda de mercadoria\n  adquirida ou recebida de terceiros, que não deva por ele transitar	Classificam-se neste código\n  as vendas de mercadorias adquiridas ou recebidas de terceiros para\n  industrialização ou comercialização, armazenadas em depósito fechado, armazém\n  geral ou outro, que não tenham sido objeto de qualquer processo industrial no\n  estabelecimento sem que haja retorno ao estabelecimento depositante. Também\n  serão classificadas neste código as vendas de mercadorias importadas, cuja\n  saída ocorra do recinto alfandegado ou da repartição alfandegária onde se\n  processou o desembaraço aduaneiro, com destino ao estabelecimento do\n  comprador, sem transitar pelo estabelecimento do importador.
5.109	Venda\n  de produção do estabelecimento destinada à Zona Franca de Manaus ou Áreas de\n  Livre Comércio	Venda de produto industrializado ou produzido pelo\n  estabelecimento destinado à Zona Franca de Manaus ou Áreas de Livre Comércio.\n  \n  (NR\n  Ajuste SINIEF 05/2005) (Dec.28.868/2006\n  - Efeitos a partir de 01/01/2006, ficando facultada ao contribuinte a sua\n  adoção para fatos geradores ocorridos no período de 01 de novembro a 31 de\n  dezembro de 2005)
5.110	Venda\n  de mercadoria, adquirida ou recebida de terceiros, destinada à Zona Franca de\n  Manaus ou Áreas de Livre Comercio, de que trata o Anexo do Convênio SINIEF\n  s/n, de 15 de dezembro de 1970, que dispõe sobre o Sistema Nacional Integrado\n  de Informações Econômico-Fiscais	Venda de mercadoria,\n  adquirida ou recebida de terceiros, destinada à Zona Franca de Manaus ou\n  Áreas de Livre Comércio, desde que alcançada pelos benefícios fiscais de que tratam o Decreto-Lei nº 288, de 28 de fevereiro de 1967, o\n  Convênio ICM 65/88, de 06 de dezembro de 1988, o Convênio ICMS 36/97, de 23\n  de maio de 1997, e o Convênio ICMS 37/97, de 23 de maio de 1997. (NR\n  Ajuste SINIEF 09/2004) (Decreto\n  nº 26.955/2004) RETROAGINDO SEUS EFEITOS A 24.06.2004.
5.111	Venda de produção do\n  estabelecimento remetida anteriormente em consignação industrial	Classificam-se neste código\n  as vendas efetivas de produtos industrializados no estabelecimento\n  remetidos anteriormente a título de consignação industrial.
5.112	Venda de mercadoria\n  adquirida ou recebida de terceiros remetida\n  anteriormente em consignação industrial	Classificam-se neste código\n  as vendas efetivas de mercadorias adquiridas ou recebidas de terceiros, que\n  não tenham sido objeto de qualquer processo industrial no estabelecimento,\n  remetidas anteriormente a título de consignação industrial.
5.113	Venda de produção do\n  estabelecimento remetida anteriormente em consignação mercantil	Classificam-se neste código\n  as vendas efetivas de produtos industrializados no estabelecimento\n  remetidos anteriormente a título de consignação mercantil.
5.114	Venda de mercadoria\n  adquirida ou recebida de terceiros remetida\n  anteriormente em consignação mercantil	Classificam-se neste código\n  as vendas efetivas de mercadorias adquiridas ou recebidas de terceiros, que\n  não tenham sido objeto de qualquer processo industrial no estabelecimento,\n  remetidas anteriormente a título de consignação mercantil.
5.115	Venda de mercadoria\n  adquirida ou recebida de terceiros, recebida anteriormente em consignação\n  mercantil	Classificam-se neste código\n  as vendas de mercadorias adquiridas ou recebidas de terceiros, recebidas\n  anteriormente a título de consignação mercantil.
5.116	Venda de produção do estabelecimento originada de encomenda para\n  entrega futura	Venda de produto industrializado ou produzido pelo\n  estabelecimento, quando da saída real do produto, cujo faturamento tenha sido\n  classificado no código "5.922 – Lançamento efetuado a título de simples\n  faturamento decorrente de venda para entrega futura".\n  (NR\n  Ajuste SINIEF 05/2005) (Dec.28.868/2006\n  - Efeitos a partir de 01/01/2006, ficando facultada ao contribuinte a sua\n  adoção para fatos geradores ocorridos no período de 01 de novembro a 31 de\n  dezembro de 2005)
5.117	Venda de mercadoria\n  adquirida ou recebida de terceiros, originada de encomenda para entrega\n  futura	Classificam-se neste código\n  as vendas de mercadorias adquiridas ou recebidas de terceiros, que não tenham\n  sido objeto de qualquer processo industrial no estabelecimento, quando da\n  saída real da mercadoria, cujo faturamento tenha sido classificado no código\n  5.922 - Lançamento efetuado a título de simples faturamento decorrente de\n  venda para entrega futura.
5.118	Venda de produção do\n  estabelecimento entregue ao destinatário por conta e ordem do adquirente\n  originário, em venda à ordem	Classificam-se neste código\n  as vendas à ordem de produtos industrializados pelo estabelecimento,\n  entregues ao destinatário por conta e ordem do adquirente originário.
5.119	Venda de mercadoria\n  adquirida ou recebida de terceiros entregue ao destinatário por conta e ordem\n  do adquirente originário, em venda à ordem	Classificam-se neste código\n  as vendas à ordem de mercadorias adquiridas ou recebidas de terceiros, que\n  não tenham sido objeto de qualquer processo industrial no estabelecimento,\n  entregues ao destinatário por conta e ordem do adquirente originário.
5.120	Venda de mercadoria\n  adquirida ou recebida de terceiros entregue ao destinatário pelo vendedor\n  remetente, em venda à ordem	Classificam-se neste código\n  as vendas à ordem de mercadorias adquiridas ou recebidas de terceiros, que\n  não tenham sido objeto de qualquer processo industrial no estabelecimento,\n  entregues pelo vendedor remetente ao destinatário, cuja compra seja\n  classificada, pelo adquirente originário, no código 1.118 - Compra de\n  mercadoria pelo adquirente originário, entregue pelo vendedor remetente ao\n  destinatário, em venda à ordem.
5.122	Venda de produção do\n  estabelecimento remetida para industrialização, por conta e ordem do\n  adquirente, sem transitar pelo estabelecimento do adquirente	Classificam-se neste código\n  as vendas de produtos industrializados no estabelecimento, remetidos para\n  serem industrializados em outro estabelecimento, por conta e ordem do\n  adquirente, sem que os produtos tenham transitado pelo estabelecimento do\n  adquirente.
5.255	Venda de energia\n  elétrica para estabelecimento prestador de serviço de comunicação	Classificam-se neste código\n  as vendas de energia elétrica para consumo por estabelecimento de prestador\n  de serviços de comunicação.
5.256	Venda de energia\n  elétrica para estabelecimento de produtor rural	Classificam-se neste código\n  as vendas de energia elétrica para consumo por estabelecimento de produtor\n  rural.
5.123	Venda de mercadoria\n  adquirida ou recebida de terceiros remetida para industrialização,\n  por conta e ordem do adquirente, sem transitar pelo estabelecimento do\n  adquirente	Classificam-se neste código\n  as vendas de mercadorias adquiridas ou recebidas de terceiros, que não tenham\n  sido objeto de qualquer processo industrial no estabelecimento, remetidas\n  para serem industrializadas em outro estabelecimento, por conta e ordem do\n  adquirente, sem que as mercadorias tenham transitado pelo estabelecimento do\n  adquirente.
5.124	Industrialização\n  efetuada para outra empresa	Classificam-se neste código\n  as saídas de mercadorias industrializadas para terceiros, compreendendo os\n  valores referentes aos serviços prestados e os das mercadorias de propriedade\n  do industrializador empregadas no processo\n  industrial.
5.125	Industrialização\n  efetuada para outra empresa quando a mercadoria recebida para utilização no\n  processo de industrialização não transitar pelo estabelecimento adquirente da\n  mercadoria	Classificam-se neste código\n  as saídas de mercadorias industrializadas para outras empresas, em que as\n  mercadorias recebidas para utilização no processo de industrialização não\n  tenham transitado pelo estabelecimento do adquirente das mercadorias,\n  compreendendo os valores referentes aos serviços prestados e os das\n  mercadorias de propriedade do industrializador\n  empregadas no processo industrial.
5.151	Transferência de produção do estabelecimento	Transferência de produto industrializado ou produzido no\n      estabelecimento para outro estabelecimento da mesma empresa. \n     (NR\n       Ajuste SINIEF 05/2005) (Dec.28.868/2006\n         - Efeitos a partir de 01/01/2006, ficando facultada ao contribuinte a sua\n         adoção para fatos geradores ocorridos no período de 01 de novembro a 31 de\n      dezembro de 2005)
5.152	Transferência de\n  mercadoria adquirida ou recebida de terceiros	Mercadoria adquirida ou\n  recebida de terceiros para industrialização, comercialização ou utilização na\n  prestação de serviço e que não tenha sido objeto de qualquer processo\n  industrial no estabelecimento, transferida para outro estabelecimento da\n  mesma empresa. A\n  partir  10 de\n  julho de 2003. (Decreto nº 26.020/2003)
5.153	Transferência de energia\n  elétrica	Classificam-se neste código\n  as transferências de energia elétrica para outro estabelecimento da mesma\n  empresa, para distribuição.
5.155	Transferência de\n  produção do estabelecimento, que não deva por ele transitar	Classificam-se neste código\n  as transferências para outro estabelecimento da mesma empresa, de produtos\n  industrializados no estabelecimento que tenham sido remetidos para armazém\n  geral, depósito fechado ou outro, sem que haja retorno ao estabelecimento depositante.
5.156	Transferência de\n  mercadoria adquirida ou recebida de terceiros, que não deva por ele transitar	Classificam-se neste código\n  as transferências para outro estabelecimento da mesma empresa, de mercadorias\n  adquiridas ou recebidas de terceiros para industrialização ou\n  comercialização, que não tenham sido objeto de qualquer processo industrial,\n  remetidas para armazém geral, depósito fechado ou outro, sem que haja retorno\n  ao estabelecimento depositante.
5.201	Devolução de compra para industrialização ou produção rural (NR Ajuste SINIEF 05/2005) (Decreto 28.868/2006)	Devolução de mercadoria adquirida para ser utilizada em processo\n       de industrialização ou produção rural, cuja entrada tenha sido classificada\n      como "1.101 - Compra para industrialização ou produção rural".\n     (NR\n       Ajuste SINIEF 05/2005) (Dec.28.868/2006\n         - Efeitos a partir de 01/01/2006, ficando facultada ao contribuinte a sua\n         adoção para fatos geradores ocorridos no período de 01 de novembro a 31 de\n      dezembro de 2005)
5.202	Devolução de compra para\n  comercialização	Classificam-se neste código\n  as devoluções de mercadorias adquiridas para serem comercializadas, cujas\n  entradas tenham sido classificadas como Compra para comercialização.
5.205	Anulação de valor\n  relativo a aquisição de serviço de comunicação	Classificam-se neste código\n  as anulações correspondentes a valores faturados indevidamente, decorrentes\n  das aquisições de serviços de comunicação.
5.206	Anulação de valor\n  relativo a aquisição de serviço de transporte	Classificam-se neste código\n  as anulações correspondentes a valores faturados indevidamente, decorrentes\n  das aquisições de serviços de transporte.
5.207	Anulação de valor\n  relativo à compra de energia elétrica	Classificam-se neste código\n  as anulações correspondentes a valores faturados indevidamente, decorrentes\n  da compra de energia elétrica.
5.208	Devolução de mercadoria recebida em transferência para\n  industrialização ou produção rural	Devolução de mercadoria\n  recebida em transferência de outro estabelecimento da mesma empresa, para ser\n  utilizada em processo de industrialização ou produção rural. \n  (NR Ajuste SINIEF\n  05/2005) (Dec.28.868/2006\n  - Efeitos a partir de 01/01/2006, ficando facultada ao contribuinte a sua\n  adoção para fatos geradores ocorridos no período de 01 de novembro a 31 de\n  dezembro de 2005)
5.209	Devolução de mercadoria\n  recebida em transferência para comercialização	Classificam-se neste código\n  as devoluções de mercadorias recebidas em transferência de outro\n  estabelecimento da mesma empresa, para serem comercializadas.
5.210	Devolução de compra para\n  utilização na prestação de serviço	Classificam-se neste código\n  as devoluções de mercadorias adquiridas para utilização na prestação de\n  serviços, cujas entradas tenham sido classificadas nos códigos "1.126 -\n  Compra para utilização na prestação de serviço sujeita ao ICMS" e "1.128 -\n  Compra para utilização na prestação de serviço sujeita ao ISSQN. (AJUSTE\n  SINIEF 4, DE 9 DE JULHO DE 2010) efeitos a partir\n  de 1º de janeiro de 2011 – DECRETO 36.465/2011.
5.251	Venda de energia elétrica\n      para distribuição ou comercialização	Classificam-se neste código\n       as vendas de energia elétrica destinada à distribuição ou comercialização.\n       Também serão classificadas neste código as vendas de energia elétrica\n       destinada a cooperativas para distribuição aos seus\n      cooperados.
5.252	Venda de energia\n  elétrica para estabelecimento industrial	Classificam-se neste código\n  as vendas de energia elétrica para consumo por estabelecimento industrial.\n  Também serão classificadas neste código as vendas de energia elétrica\n  destinada a estabelecimento industrial de cooperativa.
5.253	Venda de energia\n  elétrica para estabelecimento comercial	Classificam-se neste código\n  as vendas de energia elétrica para consumo por estabelecimento comercial.\n  Também serão classificadas neste código as vendas de energia elétrica\n  destinada a estabelecimento comercial de cooperativa.
5.254	Venda de energia\n  elétrica para estabelecimento prestador de serviço de transporte	Classificam-se neste código\n  as vendas de energia elétrica para consumo por estabelecimento de prestador\n  de serviços de transporte.
5.301	Prestação de serviço de\n      comunicação para execução de serviço da mesma natureza	Classificam-se neste código\n       as prestações de serviços de comunicação destinados às prestações de serviços\n      da mesma natureza.
5.302	Prestação de serviço de\n  comunicação a estabelecimento industrial	Classificam-se neste código\n  as prestações de serviços de comunicação a estabelecimento industrial. Também\n  serão classificados neste código os serviços de comunicação prestados a estabelecimento\n  industrial de cooperativa.
5.303	Prestação de serviço de\n  comunicação a estabelecimento comercial	Classificam-se neste código\n  as prestações de serviços de comunicação a estabelecimento comercial. Também\n  serão classificados neste código os serviços de comunicação prestados a\n  estabelecimento comercial de cooperativa.
5.304	Prestação de serviço de\n  comunicação a estabelecimento de prestador de serviço de transporte	Classificam-se neste código\n  as prestações de serviços de comunicação a estabelecimento prestador de\n  serviço de transporte.
5.305	Prestação de serviço de\n  comunicação a estabelecimento de geradora ou de distribuidora de energia\n  elétrica	Classificam-se neste código\n  as prestações de serviços de comunicação a estabelecimento de geradora ou de\n  distribuidora de energia elétrica.
5.306	Prestação de serviço de\n  comunicação a estabelecimento de produtor rural	Classificam-se neste código\n  as prestações de serviços de comunicação a estabelecimento de produtor rural.
5.307	Prestação de serviço de\n  comunicação a não contribuinte	Classificam-se neste código\n  as prestações de serviços de comunicação a pessoas físicas ou a pessoas\n  jurídicas não indicadas nos códigos anteriores.
5.351	Prestação de serviço de\n      transporte para execução de serviço da mesma natureza	Classificam-se neste código\n       as prestações de serviços de transporte destinados às prestações de serviços\n      da mesma natureza.
5.352	Prestação de serviço de\n  transporte a estabelecimento industrial	Classificam-se neste código\n  as prestações de serviços de transporte a estabelecimento industrial. Também\n  serão classificados neste código os serviços de transporte prestados a\n  estabelecimento industrial de cooperativa.
5.353	Prestação de serviço de\n  transporte a estabelecimento comercial	Classificam-se neste código\n  as prestações de serviços de transporte a estabelecimento comercial. Também\n  serão classificados neste código os serviços de transporte prestados a\n  estabelecimento comercial de cooperativa.
5.354	Prestação de serviço de\n  transporte a estabelecimento de prestador de serviço de comunicação	Classificam-se neste código\n  as prestações de serviços de transporte a estabelecimento prestador de\n  serviços de comunicação.
5.355	Prestação de serviço de\n  transporte a estabelecimento de geradora ou de distribuidora de energia\n  elétrica	Classificam-se neste código\n  as prestações de serviços de transporte a estabelecimento de geradora ou de\n  distribuidora de energia elétrica.
5.356	Prestação de serviço de\n  transporte a estabelecimento de produtor rural	Classificam-se neste código\n  as prestações de serviços de transporte a estabelecimento de produtor rural.
5.357	Prestação de serviço de\n  transporte a não contribuinte	Classificam-se neste código\n  as prestações de serviços de transporte a pessoas físicas ou a pessoas\n  jurídicas não indicadas nos códigos anteriores.
5.359	Prestação\n  de serviço de transporte a contribuinte ou a não-contribuinte, quando a\n  mercadoria transportada esteja dispensada de emissão de Nota Fiscal	Prestação\n  de serviço de transporte a contribuinte ou a não-contribuinte, quando não\n  existir a obrigação legal de emissão de Nota Fiscal para a mercadoria\n  transportada. (ACR Ajuste SINIEF 03/2004) (DECRETO\n  Nº 26.810, DE 10 DE JUNHO DE 2004) (a partir de 01.01.2005)
5.360	Prestação\n  de serviço de transporte a contribuinte-substituto em relação ao serviço de\n  transporte (ACR) (Ajuste SINIEF 06/2007- Decreto nº\n  30.861/2007) – a partir de 01.01.2008	Prestação\n  de serviço de transporte a contribuinte a quem tenha sido atribuída a condição de contribuinte-substituto em relação ao\n  imposto incidente na prestação dos serviços.
5.401	Venda\n       de produção do estabelecimento quando o produto esteja sujeito ao regime de\n      substituição tributária	Venda de produto industrializado ou\n       produzido pelo estabelecimento, quando o referido produto estiver sujeito ao\n       regime de substituição tributária, bem como a de produto industrializado, por\n       estabelecimento industrial ou produtor rural de cooperativa, sujeito ao\n      regime de substituição tributária. \n     (NR Ajuste SINIEF 05/2005) (Dec.28.868/2006 -\n       Efeitos a partir de 01/01/2006, ficando facultada ao contribuinte a sua\n       adoção para fatos geradores ocorridos no período de 01 de novembro a 31 de\n      dezembro de 2005)
5.402	Venda de produção do\n  estabelecimento de produto sujeito ao regime de substituição tributária, em\n  operação entre contribuintes substitutos do mesmo produto	Classificam-se neste código\n  as vendas de produtos sujeitos ao regime de substituição tributária\n  industrializados no estabelecimento, em operações entre contribuintes\n  substitutos do mesmo produto
5.403	Venda de mercadoria,\n  adquirida ou recebida de terceiros, sujeita ao regime de substituição\n  tributária, na condição de contribuinte-substituto	Venda de mercadoria,\n  adquirida ou recebida de terceiros, sujeita ao regime de substituição\n  tributária, na condição de contribuinte-substituto.\n  – (Decreto Nº 25.068/2003). a partir\n  01.01.2003
5.405	Venda de mercadoria,\n  adquirida ou recebida de terceiros, sujeita ao regime de substituição\n  tributária, na condição de contribuinte-substituído	Venda de mercadoria,\n  adquirida ou recebida de terceiros, sujeita ao regime de substituição\n  tributária, na condição de contribuinte-substituído.\n  – (Decreto Nº 25.068/2003). a partir\n  01.01.2003
5.408	Transferência\n  de produção do estabelecimento quando o produto estiver sujeito ao regime de\n  substituição tributária	Transferência de produto\n  industrializado ou produzido no estabelecimento, para outro estabelecimento\n  da mesma empresa, quando o produto estiver sujeito ao regime de substituição\n  tributária. \n  (NR Ajuste SINIEF 05/2005) (Dec.28.868/2006 -\n  Efeitos a partir de 01/01/2006, ficando facultada ao contribuinte a sua\n  adoção para fatos geradores ocorridos no período de 01 de novembro a 31 de\n  dezembro de 2005)
5.409	Transferência de\n  mercadoria adquirida ou recebida de terceiros em operação com mercadoria\n  sujeita ao regime de substituição tributária	Classificam-se neste código\n  as transferências para outro estabelecimento da mesma empresa, de mercadorias\n  adquiridas ou recebidas de terceiros que não tenham sido objeto de qualquer\n  processo industrial no estabelecimento, em operações com mercadorias sujeitas\n  ao regime de substituição tributária.
5.410	Devolução\n  de compra para industrialização de mercadoria sujeita ao regime de\n  substituição tributária	Devolução de mercadoria adquirida\n  para ser utilizada em processo de industrialização ou produção rural, cuja\n  entrada tenha sido classificada como "Compra para industrialização ou\n  produção rural de mercadoria sujeita ao regime de substituição tributária".\n  \n  (NR Ajuste SINIEF 05/2005) (Dec.28.868/2006 -\n  Efeitos a partir de 01/01/2006, ficando facultada ao contribuinte a sua\n  adoção para fatos geradores ocorridos no período de 01 de novembro a 31 de\n  dezembro de 2005)
5.411	Devolução de compra para\n  comercialização em operação com mercadoria sujeita ao regime de substituição\n  tributária	Classificam-se neste código\n  as devoluções de mercadorias adquiridas para serem comercializadas,\n  cujas entradas tenham sido classificadas como Compra para comercialização em\n  operação com mercadoria sujeita ao regime de substituição tributária.
5.412	Devolução de bem do\n  ativo imobilizado, em operação com mercadoria sujeita ao regime de\n  substituição tributária	Classificam-se neste código\n  as devoluções de bens adquiridos para integrar o ativo imobilizado do\n  estabelecimento, cuja entrada tenha sido classificada no código 1.406 -\n  Compra de bem para o ativo imobilizado cuja mercadoria está sujeita ao regime\n  de substituição tributária.
5.413	Devolução de mercadoria\n  destinada ao uso ou consumo, em operação com mercadoria sujeita ao regime de\n  substituição tributária.	Classificam-se neste código\n  as devoluções de mercadorias adquiridas para uso ou consumo do\n  estabelecimento, cuja entrada tenha sido classificada no código 1.407 -\n  Compra de mercadoria para uso ou consumo cuja mercadoria está sujeita ao\n  regime de substituição tributária.
5.414	Remessa\n  de produção do estabelecimento para venda fora do estabelecimento, quando o\n  produto estiver sujeito ao regime de substituição tributária	Remessa\n  de produto industrializado ou produzido pelo estabelecimento para ser vendido\n  fora do estabelecimento, inclusive por meio de veículo, quando o mencionado\n  produto estiver sujeito ao regime de substituição tributária. \n  (NR\n  Ajuste SINIEF 05/2005) (Dec.28.868/2006\n  - Efeitos a partir de 01/01/2006, ficando facultada ao contribuinte a sua\n  adoção para fatos geradores ocorridos no período de 01 de novembro a 31 de\n  dezembro de 2005)
5.415	Remessa de mercadoria\n  adquirida ou recebida de terceiros para venda fora do estabelecimento, em\n  operação com mercadoria sujeita ao regime de substituição tributária	Classificam-se neste código\n  as remessas de mercadorias adquiridas ou recebidas de terceiros para serem\n  vendidas fora do estabelecimento, inclusive por meio de veículos, em\n  operações com mercadorias sujeitas ao regime de substituição tributária.
5.451	Remessa de animal e de\n      insumo para estabelecimento produtor	Classificam-se neste código\n       as saídas referentes à remessa de animais e de insumos para criação de\n       animais no sistema integrado, tais como: pintos, leitões, rações e\n      medicamentos.
5.501	Remessa\n      de produção do estabelecimento, com fim específico de exportação	Saída de produto industrializado ou\n       produzido pelo estabelecimento, remetido com fim específico de exportação a\n       "trading company", empresa comercial\n      exportadora ou outro estabelecimento do remetente\n     (NR Ajuste SINIEF 05/2005) (Dec.28.868/2006 - Efeitos\n       a partir de 01/01/2006, ficando facultada ao contribuinte a sua adoção para\n       fatos geradores ocorridos no período de 01 de novembro a 31 de dezembro de\n      2005)
5.502	Remessa de mercadoria\n  adquirida ou recebida de terceiros, com fim específico de exportação	Classificam-se neste código\n  as saídas de mercadorias adquiridas ou recebidas de terceiros, remetidas com\n  fim específico de exportação a trading company,\n  empresa comercial exportadora ou outro estabelecimento do remetente.
5.503	Devolução de mercadoria\n  recebida com fim específico de exportação	Classificam-se neste código\n  as devoluções efetuadas por trading company,\n  empresa comercial exportadora ou outro estabelecimento do destinatário, de\n  mercadorias recebidas com fim específico de exportação, cujas entradas tenham\n  sido classificadas no código 1.501 - Entrada de mercadoria recebida com fim\n  específico de exportação.
5.504	Remessa\n  de mercadoria para formação de lote de exportação, de produto industrializado\n  ou produzido pelo próprio estabelecimento.	Remessa\n  de mercadoria para formação de lote de exportação, de produto industrializado\n  ou produzido pelo próprio estabelecimento. \n  (ACR Ajuste SINIEF 09/2005) (Dec. 28.868/2006 - a sua aplicação\n  será obrigatória em relação aos fatos geradores ocorridos a partir de 01 de\n  julho de 2006, ficando facultada ao contribuinte a sua adoção para fatos\n  geradores ocorridos no período de 01 de janeiro a 30 de junho de 2006)
5.505	Remessa\n  de mercadoria, adquirida ou recebida de terceiros, para formação de lote de\n  exportação.	Remessa\n  de mercadoria, adquirida ou recebida de terceiros, para formação de lote de\n  exportação. \n  (ACR Ajuste SINIEF 09/2005) (Dec. 28.868/2006 - a sua aplicação\n  será obrigatória em relação aos fatos geradores ocorridos a partir de 01 de\n  julho de 2006, ficando facultada ao contribuinte a sua adoção para fatos\n  geradores ocorridos no período de 01 de janeiro a 30 de junho de 2006)
5.551	Venda de bem do ativo\n      imobilizado	Classificam-se neste código\n      as vendas de bens integrantes do ativo imobilizado do estabelecimento.
5.552	Transferência de bem do\n  ativo imobilizado	Classificam-se neste código\n  os bens do ativo imobilizado transferidos para outro estabelecimento da mesma\n  empresa.
5.553	Devolução de compra de\n  bem para o ativo imobilizado	Classificam-se neste código\n  as devoluções de bens adquiridos para integrar o ativo imobilizado do\n  estabelecimento, cuja entrada foi classificada no código 1.551 - Compra de\n  bem para o ativo imobilizado.
5.554	Remessa de bem do ativo\n  imobilizado para uso fora do estabelecimento	Classificam-se neste código\n  as remessas de bens do ativo imobilizado para uso fora do estabelecimento.
5.555	Devolução de bem do\n  ativo imobilizado de terceiro, recebido para uso no estabelecimento	Classificam-se neste código\n  as saídas em devolução, de bens do ativo imobilizado de terceiros, recebidos\n  para uso no estabelecimento, cuja entrada tenha sido classificada no código\n  1.555 - Entrada de bem do ativo imobilizado de terceiro, remetido para uso no\n  estabelecimento.
5.556	Devolução de compra de\n  material de uso ou consumo	Classificam-se neste código\n  as devoluções de mercadorias destinadas ao uso ou consumo do estabelecimento,\n  cuja entrada tenha sido classificada no código 1.556 - Compra de material\n  para uso ou consumo.
5.557	Transferência de\n  material de uso ou consumo	Classificam-se neste código\n  os materiais para uso ou consumo transferidos para outro estabelecimento da\n  mesma empresa.
5.601	Transferência de crédito\n      de ICMS acumulado	Classificam-se neste código\n       os lançamentos destinados ao registro da transferência de créditos de ICMS\n      para outras empresas.
5.602	Transferência\n  de saldo credor do ICMS, para outro estabelecimento da mesma empresa,\n  destinado à compensação de saldo devedor do ICMS	Lançamento\n  destinado ao registro da transferência de saldo credor do ICMS, para outro\n  estabelecimento da mesma empresa, destinado à compensação do saldo devedor\n  desse estabelecimento, inclusive no caso de apuração centralizada do imposto.\n  (NR Ajuste SINIEF 09/2003 – a partir 01.01.2004)
5.603	Ressarcimento de ICMS\n  retido por substituição tributária	Classificam-se neste código\n  os lançamentos destinados ao registro de ressarcimento de ICMS retido por\n  substituição tributária a contribuinte substituído,\n  efetuado pelo contribuinte substituto, nas hipóteses previstas na legislação\n  aplicável.
5.605	Transferência\n  de saldo devedor do ICMS de outro estabelecimento da mesma empresa	Lançamento\n  destinado ao registro da transferência de saldo devedor do ICMS para outro\n  estabelecimento da mesma empresa, para efetivação da apuração centralizada do\n  imposto. (ACR Ajuste SINIEF 03/2004) (DECRETO Nº 26.810/2004) (a\n  partir de 01.01.2005)
5.606	Utilização\n  de saldo credor do ICMS para extinção por compensação de débitos fiscais	Lançamento\n  destinado ao registro de utilização de saldo credor do ICMS em conta gráfica para\n  extinção por compensação de débitos fiscais desvinculados de conta gráfica. (ACR\n  Ajuste SINIEF 02/2005 – a partir de 01.01.2006).\n  (DECRETO Nº 27.995 de 06.06.2005)\n  a partir de 01.01.2006
5.651	Venda\n       de combustível ou lubrificante de produção do estabelecimento destinados à industrialização\n      subseqüente	Venda\n       de combustível ou lubrificante, industrializados no estabelecimento e\n       destinados à industrialização do próprio produto, inclusive aquela decorrente\n       de encomenda para entrega futura, cujo faturamento tenha sido classificado no\n       código 5.922 – "Lançamento efetuado a título de simples faturamento\n       decorrente de venda para entrega futura".(a\n         partir 01.01.2004 -  Decreto\n      Nº 26.174 de 26/11/2003)
5.652	Venda\n  de combustível ou lubrificante, de produção do\n  estabelecimento, destinados à comercialização	Venda\n  de combustível ou lubrificante, industrializados no estabelecimento,\n  destinados à comercialização, inclusive aquela decorrente de encomenda para\n  entrega futura, cujo faturamento tenha sido classificado no código 5.922 –\n  "Lançamento efetuado a título de simples faturamento decorrente de venda\n  para entrega futura".(a\n  partir 01.01.2004 -  Decreto\n  Nº 26.174 de 26/11/2003)
5.653	Venda\n  de combustível ou lubrificante, de produção do estabelecimento,\n  destinados a consumidor ou usuário final	Venda\n  de combustível ou lubrificante, industrializados no estabelecimento,\n  destinados a consumo em processo de industrialização de outro produto, à\n  prestação de serviço ou a usuário final, inclusive aquela decorrente de\n  encomenda para entrega futura, cujo faturamento tenha sido classificado no\n  código 5.922 – "Lançamento efetuado a título de simples faturamento\n  decorrente de venda para entrega futura".(a\n  partir 01.01.2004 -  Decreto\n  Nº 26.174 de 26/11/2003)
5.654	Venda\n  de combustível ou lubrificante, adquiridos ou recebidos de terceiros,\n  destinados à industrialização subseqüente	Venda\n  de combustível ou lubrificante, adquiridos ou recebidos de terceiros,\n  destinados à industrialização do próprio produto, inclusive aquela decorrente\n  de encomenda para entrega futura, cujo faturamento tenha sido classificado no\n  código 5.922 – "Lançamento efetuado a título de simples faturamento\n  decorrente de venda para entrega futura".(a\n  partir 01.01.2004 -  Decreto\n  Nº 26.174 de 26/11/2003)
5.655	Venda\n  de combustível ou lubrificante, adquiridos ou recebidos de terceiros,\n  destinados à comercialização	Venda\n  de combustível ou lubrificante, adquiridos ou recebidos de terceiros,\n  destinados à comercialização, inclusive aquela decorrente de encomenda para\n  entrega futura, cujo faturamento tenha sido classificado no código 5.922 –\n  "Lançamento efetuado a título de simples faturamento decorrente de venda para entrega\n  futura".(a partir 01.01.2004 -  Decreto Nº 26.174\n  de 26/11/2003)
5.656	Venda\n  de combustível ou lubrificante, adquiridos ou recebidos de terceiros,\n  destinados a consumidor ou usuário final	Venda\n  de combustível ou lubrificante, adquiridos ou recebidos de terceiros, destinados\n  a consumo em processo de industrialização de outro produto, à prestação de\n  serviço ou a usuário final, inclusive aquela decorrente de encomenda para\n  entrega futura, cujo faturamento tenha sido classificado no código 5.922 –\n  "Lançamento efetuado a título de simples faturamento decorrente de venda\n  para entrega futura".(a\n  partir 01.01.2004 -  Decreto\n  Nº 26.174 de 26/11/2003)
5.657	Remessa\n  de combustível ou lubrificante, adquiridos ou recebidos de terceiros, para\n  venda fora do estabelecimento	Remessa\n  de combustível ou lubrificante, adquiridos ou recebidos de terceiros, para\n  ser vendidos fora do estabelecimento, inclusive por meio de veículos. (a\n  partir 01.01.2004 -  Decreto\n  Nº 26.174 de 26/11/2003)
5.658	Transferência\n  de combustível ou lubrificante de produção do estabelecimento	Transferência\n  de combustível ou lubrificante, industrializados no estabelecimento, para\n  outro estabelecimento da mesma empresa. (a partir 01.01.2004 -  Decreto Nº 26.174 de 26/11/2003)
5.659	Transferência de combustível ou lubrificante adquiridos ou\n  recebidos de terceiros	Transferência\n  de combustível ou lubrificante, adquiridos ou recebidos de terceiros, para\n  outro estabelecimento da mesma empresa. (a partir 01.01.2004 -  Decreto Nº 26.174 de 26/11/2003)
5.660	Devolução\n  de compra de combustível ou lubrificante adquiridos para industrialização\n  subseqüente	Devolução\n  de compra de combustível ou lubrificante, adquiridos para industrialização do\n  próprio produto, cuja entrada tenha sido classificada como "Compra de\n  combustível ou lubrificante para industrialização subseqüente".(a\n  partir 01.01.2004 -  Decreto\n  Nº 26.174 de 26/11/2003)
5.661	Devolução de compra de\n  combustível ou lubrificante adquiridos para comercialização	Devolução de compra de\n  combustível ou lubrificante, adquiridos para comercialização, cuja entrada\n  tenha sido classificada como "Compra de combustível ou lubrificante para\n  comercialização".(a partir 01.01.2004 -  Decreto Nº 26.174\n  de 26/11/2003)
5.662	Devolução\n  de compra de combustível ou lubrificante adquiridos por consumidor ou usuário\n  final	Devolução\n  de compra de combustível ou lubrificante, adquiridos para consumo em processo\n  de industrialização de outro produto, na prestação de serviço ou por usuário\n  final, cuja entrada tenha sido classificada como "Compra de combustível\n  ou lubrificante por consumidor ou usuário final".(a\n  partir 01.01.2004 -  Decreto\n  Nº 26.174 de 26/11/2003)
5.663	Remessa para armazenagem\n  de combustível ou lubrificante	Remessa para armazenagem de\n  combustível ou lubrificante. (a\n  partir 01.01.2004 -  Decreto\n  Nº 26.174 de 26/11/2003)
5.664	Retorno de combustível\n  ou lubrificante recebidos para armazenagem	Remessa, em devolução, de\n  combustível ou lubrificante, recebidos para armazenagem. (a partir 01.01.2004 -  Decreto Nº 26.174 de 26/11/2003)
5.665	Retorno simbólico de combustível ou lubrificante recebidos para\n  armazenagem	Retorno simbólico\n  de combustível ou lubrificante, recebidos para armazenagem, quando a\n  mercadoria armazenada tenha sido objeto de saída, a qualquer título, e\n  não deva retornar ao estabelecimento depositante. (a\n  partir 01.01.2004 -  Decreto\n  Nº 26.174 de 26/11/2003)
5.666	Remessa,\n  por conta e ordem de terceiros, de combustível ou lubrificante recebidos para\n  armazenagem	Saída,\n  por conta e ordem de terceiros, de combustível ou lubrificante, recebidos\n  anteriormente para armazenagem. (a\n  partir 01.01.2004 -  Decreto\n  Nº 26.174 de 26/11/2003)
5.667	Venda\n  de combustível ou lubrificante a consumidor ou usuário final estabelecido em\n  outra Unidade da Federação	Venda\n  de combustível ou lubrificante a consumidor ou a usuário final estabelecido em\n  outra Unidade da Federação, cujo abastecimento tenha sido efetuado na unidade\n  da Federação do remetente. ACR Ajuste SINIEF 05/2009 – a partir de 01.07.2009)(Decreto\n  nº 34.490/2009)
5.901	Remessa para\n      industrialização por encomenda	Classificam-se neste código\n       as remessas de insumos remetidos para industrialização por encomenda, a ser\n      realizada em outra empresa ou em outro estabelecimento da mesma empresa.
5.902	Retorno de mercadoria\n  utilizada na industrialização por encomenda	Classificam-se neste código\n  as remessas, pelo estabelecimento industrializador,\n  dos insumos recebidos para industrialização e incorporados ao produto final, por\n  encomenda de outra empresa ou de outro estabelecimento da mesma empresa. O\n  valor dos insumos nesta operação deverá ser igual ao valor dos insumos\n  recebidos para industrialização.
5.903	Retorno de mercadoria\n  recebida para industrialização e não aplicada no referido processo	Classificam-se neste código\n  as remessas em devolução de insumos recebidos para industrialização e não\n  aplicados no referido processo.
5.904	Remessa para venda fora\n  do estabelecimento	Classificam-se neste código\n  as remessas de mercadorias para venda fora do estabelecimento, inclusive por\n  meio de veículos.
5.905	Remessa para depósito\n  fechado ou armazém geral	Classificam-se neste código\n  as remessas de mercadorias para depósito em depósito fechado ou armazém geral.
5.906	Retorno de mercadoria\n  depositada em depósito fechado ou armazém geral	Classificam-se neste código\n  os retornos de mercadorias depositadas em depósito fechado ou armazém geral\n  ao estabelecimento depositante.
5.907	Retorno simbólico de\n  mercadoria depositada em depósito fechado ou armazém geral	Classificam-se neste código\n  os retornos simbólicos de mercadorias recebidas para depósito em depósito\n  fechado ou armazém geral, quando as mercadorias depositadas tenham sido objeto\n  de saída a qualquer título e que não devam retornar ao estabelecimento\n  depositante.
5.908	Remessa de bem por conta\n  de contrato de comodato	Classificam-se neste código\n  as remessas de bens para o cumprimento de contrato de comodato.
5.909	Retorno de bem recebido\n  por conta de contrato de comodato	Classificam-se neste código\n  as remessas de bens em devolução após cumprido o\n  contrato de comodato.
5.910	Remessa em bonificação,\n  doação ou brinde	Classificam-se neste código\n  as remessas de mercadorias a título de bonificação, doação ou brinde.
5.911	Remessa de amostra\n  grátis	Classificam-se neste código\n  as remessas de mercadorias a título de amostra grátis.
5.912	Remessa de mercadoria ou\n  bem para demonstração	Classificam-se neste código\n  as remessas de mercadorias ou bens para demonstração.
5.913	Retorno de mercadoria ou\n  bem recebido para demonstração	Classificam-se neste código\n  as remessas em devolução de mercadorias ou bens recebidos para demonstração.
5.914	Remessa de mercadoria ou\n  bem para exposição ou feira	Classificam-se neste código\n  as remessas de mercadorias ou bens para exposição ou feira.
5.915	Remessa de mercadoria ou\n  bem para conserto ou reparo	Classificam-se neste código\n  as remessas de mercadorias ou bens para conserto ou reparo.
5.916	Retorno de mercadoria ou\n  bem recebido para conserto ou reparo	Classificam-se neste código\n  as remessas em devolução de mercadorias ou bens recebidos para conserto ou\n  reparo.
5.917	Remessa de mercadoria em\n  consignação mercantil ou industrial	Classificam-se neste código\n  as remessas de mercadorias a título de consignação mercantil ou industrial.
5.918	Devolução de mercadoria\n  recebida em consignação mercantil ou industrial	Classificam-se neste código\n  as devoluções de mercadorias recebidas anteriormente a título de consignação\n  mercantil ou industrial.
5.919	Devolução simbólica de\n  mercadoria vendida ou utilizada em processo industrial, recebida anteriormente\n  em consignação mercantil ou industrial	Classificam-se neste código\n  as devoluções simbólicas de mercadorias vendidas ou utilizadas em processo\n  industrial, que tenham sido recebidas anteriormente a título de consignação\n  mercantil ou industrial.
5.920	Remessa de vasilhame ou\n  sacaria	Classificam-se neste código\n  as remessas de vasilhame ou sacaria.
5.921	Devolução de vasilhame\n  ou sacaria	Classificam-se neste código\n  as saídas por devolução de vasilhame ou sacaria.
5.922	Lançamento efetuado a\n  título de simples faturamento decorrente de venda para entrega futura	Classificam-se neste código\n  os registros efetuados a título de simples faturamento decorrente de venda\n  para entrega futura.
6.106	Venda de mercadoria adquirida\n  ou recebida de terceiros, que não deva por ele transitar	Vendas de mercadoria\n  adquirida ou recebida de terceiro para industrialização ou comercialização,\n  armazenada em depósito fechado, armazém geral ou outro, que não tenha sido\n  objeto de qualquer processo industrial no estabelecimento sem que haja\n  retorno ao estabelecimento depositante. Bem como venda de mercadoria\n  importada, cuja saída ocorra do recinto alfandegado ou da repartição\n  alfandegária onde se processou o desembaraço aduaneiro, com destino ao\n  estabelecimento do comprador, sem que tenha transitado pelo estabelecimento\n  do importador.
6.107	Venda de produção do\n  estabelecimento, destinada a não contribuinte	Vendas de produto\n  industrializado no estabelecimento, ou produzido no estabelecimento do\n  produtor rural, destinada a não contribuinte, bem como qualquer operação de\n  venda destinada a não contribuinte\n   (NR Ajuste SINIEF 05/2005) (Dec.28.868/2006 -\n  Efeitos a partir de 01/01/2006, ficando facultada ao contribuinte a sua\n  adoção para fatos geradores ocorridos no período de 01 de novembro a 31 de\n  dezembro de 2005)
5.923	Remessa de mercadoria\n  por conta e ordem de terceiros, em venda à ordem ou em operações com armazém\n  geral ou depósito fechado. (NR AJUSTE\n  SINIEF 14, DE 11 DE DEZEMBRO DE 2009)\n  efeitos a partir de 1º de julho de 2010– DECRETO 36.465/2011.	Classificam-se\n  neste código as saídas correspondentes à entrega de mercadorias por conta e\n  ordem de terceiros, em vendas à ordem, cuja venda ao adquirente originário\n  foi classificada nos códigos "6.118 - Venda de produção do estabelecimento\n  entregue ao destinatário por conta e ordem do adquirente originário, em venda\n  à ordem" ou "6.119 - Venda de mercadoria adquirida ou recebida de terceiros\n  entregue ao destinatário por conta e ordem do adquirente originário, em venda\n  à ordem".\n  Também\n  serão classificadas neste código as remessas, por conta e ordem de terceiros,\n  de mercadorias depositadas ou para depósito em depósito fechado ou armazém\n  geral. (NR AJUSTE SINIEF 14, DE 11 DE DEZEMBRO DE\n  2009)\n  efeitos a partir de 1º de julho de 2010– DECRETO 36.465/2011.
5.924	Remessa para\n  industrialização por conta e ordem do adquirente da mercadoria, quando esta\n  não transitar pelo estabelecimento do adquirente	Classificam-se neste código\n  as saídas de insumos com destino a estabelecimento industrializador,\n  para serem industrializados por conta e ordem do adquirente, nas hipóteses em\n  que os insumos não tenham transitado pelo estabelecimento do adquirente dos\n  mesmos.
5.925	Retorno de mercadoria\n  recebida para industrialização por conta e ordem do adquirente da mercadoria,\n  quando aquela não transitar pelo estabelecimento do adquirente	Classificam-se neste código\n  as remessas, pelo estabelecimento industrializador,\n  dos insumos recebidos, por conta e ordem do adquirente, para industrialização\n  e incorporados ao produto final, nas hipóteses em que os insumos não tenham\n  transitado pelo estabelecimento do adquirente. O valor dos insumos nesta\n  operação deverá ser igual ao valor dos insumos recebidos para industrialização.
5.926	Lançamento efetuado a\n  título de reclassificação de mercadoria decorrente de formação de kit ou de\n  sua desagregação	Classificam-se neste código\n  os registros efetuados a título de reclassificação decorrente de formação de\n  kit de mercadorias ou de sua desagregação.
5.927	Lançamento efetuado a\n  título de baixa de estoque decorrente de perda, roubo ou deterioração	Classificam-se neste código\n  os registros efetuados a título de baixa de estoque decorrente de perda,\n  roubou ou deterioração das mercadorias.
5.928	Lançamento efetuado a\n  título de baixa de estoque decorrente do encerramento da atividade da empresa	Classificam-se neste código\n  os registros efetuados a título de baixa de estoque decorrente do\n  encerramento das atividades da empresa.
5.929	Lançamento efetuado em\n  decorrência de emissão de documento fiscal relativo a\n  operação ou prestação também registrada em equipamento Emissor de Cupom\n  Fiscal - ECF	Classificam-se neste código\n  os registros relativos aos documentos fiscais emitidos em operações ou\n  prestações que também tenham sido registradas em equipamento Emissor de Cupom\n  Fiscal - ECF.
5.931	Lançamento efetuado em\n  decorrência da responsabilidade de retenção do imposto por substituição tributária,\n  atribuída ao remetente ou alienante da mercadoria, pelo serviço de transporte\n  realizado por transportador autônomo ou por transportador não inscrito na\n  unidade da Federação onde iniciado o serviço	Classificam-se neste código\n  exclusivamente os lançamentos efetuados pelo remetente ou alienante da\n  mercadoria quando lhe for atribuída a\n  responsabilidade pelo recolhimento do imposto devido pelo serviço de\n  transporte realizado por transportador autônomo ou por transportador não\n  inscrito na unidade da Federação onde iniciado o serviço.
5.932	Prestação de serviço de\n  transporte iniciada em unidade da Federação diversa daquela onde inscrito o\n  prestador	Classificam-se neste código\n  as prestações de serviço de transporte que tenham sido iniciadas em unidade\n  da Federação diversa daquela onde o prestador está inscrito como\n  contribuinte.
5.933	Prestação\n  de serviço tributado pelo Imposto Sobre Serviços de Qualquer Natureza	Prestação\n  de serviço, cujo imposto é de competência municipal, desde que informado em\n  Nota Fiscal modelo 1 ou 1-A. (NR Ajuste SINIEF 06/2005)a\n  partir de 01/01/2006
5.934	Remessa simbólica de mercadoria depositada em armazém\n  geral ou depósito fechado. (AJUSTE SINIEF 14, DE 11 DE DEZEMBRO DE 2009) – DECRETO 36.465/2011.	Classificam-se\n  neste código as remessas simbólicas de mercadorias depositadas em depósito\n  fechado ou armazém geral, efetuadas nas situações em que haja a transmissão\n  de propriedade com a permanência das mercadorias em depósito ou quando a\n  mercadoria tenha sido entregue pelo remetente diretamente a depósito fechado\n  ou armazém geral. (AJUSTE SINIEF 14, DE 11 DE\n  DEZEMBRO DE 2009) – DECRETO 36.465/2011.
5.949	Outra saída de\n  mercadoria ou prestação de serviço não especificado	Classificam-se neste código\n  as outras saídas de mercadorias ou prestações de serviços que não tenham sido\n  especificados nos códigos anteriores.
6.101	Venda de produção do\n      estabelecimento	Venda de produto industrializado ou produzido pelo\n       estabelecimento, bem como a de mercadoria por estabelecimento industrial ou\n       produtor rural de cooperativa destinada a seus cooperados ou a\n      estabelecimento de outra cooperativa. \n     (NR Ajuste SINIEF 05/2005) (Dec.28.868/2006 - Efeitos a partir de\n       01/01/2006, ficando facultada ao contribuinte a sua adoção para fatos\n      geradores ocorridos no período de 01 de novembro a 31 de dezembro de 2005)
6.102	Venda de mercadoria adquirida\n  ou recebida de terceiros	Classificam-se neste código\n  as vendas de mercadorias adquiridas ou recebidas de terceiros para\n  industrialização ou comercialização, que não tenham sido objeto de qualquer\n  processo industrial no estabelecimento. Também serão classificadas neste\n  código as vendas de mercadorias por estabelecimento comercial\n  de cooperativa destinadas a seus cooperados ou estabelecimento de\n  outra cooperativa.
6.103	Venda de produção do\n  estabelecimento, efetuada fora do estabelecimento	venda efetuada fora do estabelecimento,\n  inclusive por meio de veículo, de produto industrializado no estabelecimento.\n  \n  (NR\n  Ajuste SINIEF 05/2005) (Dec.28.868/2006\n  - Efeitos a partir de 01/01/2006, ficando facultada ao contribuinte a sua adoção\n  para fatos geradores ocorridos no período de 01 de novembro a 31 de dezembro\n  de 2005)
6.104	Venda de mercadoria\n  adquirida ou recebida de terceiros, efetuada fora do estabelecimento	venda efetuada fora do estabelecimento, inclusive\n  por meio de veículo, de mercadoria adquirida ou recebida de terceiro para\n  industrialização ou comercialização, que não tenha sido objeto de qualquer\n  processo industrial no estabelecimento.
6.105	Venda de produção do\n  estabelecimento que não deva por ele transitar	Classificam-se neste código\n  as vendas de produtos industrializados no estabelecimento, armazenados em\n  depósito fechado, armazém geral ou outro sem que haja retorno ao\n  estabelecimento depositante.
6.108	Venda de mercadoria\n  adquirida ou recebida de terceiros, destinada a não contribuinte	Classificam-se neste código\n  as vendas de mercadorias adquiridas ou recebidas de terceiros para\n  industrialização ou comercialização, que não tenham sido objeto de qualquer\n  processo industrial no estabelecimento, destinadas a não contribuintes.\n  Quaisquer operações de venda destinadas a não contribuintes deverão ser\n  classificadas neste código.
6.109	Venda\n  de produção do estabelecimento destinada à Zona Franca de Manaus ou Áreas de\n  Livre Comércio	Venda de produto industrializado ou produzido pelo\n  estabelecimento destinado à Zona Franca de Manaus ou Áreas de Livre Comércio.\n  (NR\n  Ajuste SINIEF 05/2005) (Dec.28.868/2006\n  - Efeitos a partir de 01/01/2006, ficando facultada ao contribuinte a sua\n  adoção para fatos geradores ocorridos no período de 01 de novembro a 31 de dezembro\n  de 2005)
6.110	Venda\n  de mercadoria, adquirida ou recebida de terceiros, destinada à Zona Franca de\n  Manaus ou Áreas de Livre Comércio, de que trata o Anexo do Convênio SINIEF\n  s/n, de 15 de dezembro de 1970, que dispõe sobre o Sistema Nacional Integrado\n  de Informações Econômico-Fiscais (Decreto\n  nº 26.955/2004) RETROAGINDO SEUS EFEITOS A 24.06.2004	Venda de mercadoria,\n  adquirida ou recebida de terceiros, destinada à Zona Franca de Manaus ou\n  Áreas de Livre Comércio, desde que alcançada pelos benefícios fiscais de que tratam o Decreto-Lei nº 288, de 28 de fevereiro de 1967, o\n  Convênio ICM 65/88, de 06 de dezembro de 1988, o Convênio ICMS 36/97, de 23\n  de maio de 1997, e o Convênio ICMS 37/97, de 23 de maio de 1997. (NR\n  Ajuste SINIEF 09/2004) (Decreto\n  nº 26.955/2004) RETROAGINDO SEUS EFEITOS A 24.06.2004
6.111	Venda de produção do\n  estabelecimento remetida anteriormente em consignação industrial	Classificam-se neste código\n  as vendas efetivas de produtos industrializados no estabelecimento\n  remetidos anteriormente a título de consignação industrial.
6.112	Venda de mercadoria\n  adquirida ou recebida de Terceiros remetida anteriormente\n  em consignação industrial	Classificam-se neste código\n  as vendas efetivas de mercadorias adquiridas ou recebidas de terceiros, que\n  não tenham sido objeto de qualquer processo industrial no estabelecimento,\n  remetidas anteriormente a título de consignação industrial.
6.113	Venda de produção do\n  estabelecimento remetida anteriormente em consignação mercantil	Classificam-se neste código\n  as vendas efetivas de produtos industrializados no estabelecimento\n  remetidos anteriormente a título de consignação mercantil.
6.114	Venda de mercadoria\n  adquirida ou recebida de terceiros remetida\n  anteriormente em consignação mercantil	Classificam-se neste código\n  as vendas efetivas de mercadorias adquiridas ou recebidas de terceiros, que não\n  tenham sido objeto de qualquer processo industrial no estabelecimento,\n  remetidas anteriormente a título de consignação mercantil.
6.115	Venda de mercadoria\n  adquirida ou recebida de terceiros, recebida anteriormente em consignação\n  mercantil	Classificam-se neste código\n  as vendas de mercadorias adquiridas ou recebidas de terceiros, recebidas\n  anteriormente a título de consignação mercantil.
6.116	Venda de produção do\n  estabelecimento originada de encomenda para entrega futura	Venda de produto industrializado ou produzido pelo\n  estabelecimento, quando da saída real do produto, cujo faturamento tenha sido\n  classificado no código "5.922 – Lançamento efetuado a título de simples\n  faturamento decorrente de venda para entrega futura".\n  (NR\n  Ajuste SINIEF 05/2005) (Dec.28.868/2006\n  - Efeitos a partir de 01/01/2006, ficando facultada ao contribuinte a sua\n  adoção para fatos geradores ocorridos no período de 01 de novembro a 31 de\n  dezembro de 2005)
6.117	Venda de mercadoria\n  adquirida ou recebida de terceiros, originada de encomenda para entrega\n  futura	Classificam-se neste código\n  as vendas de mercadorias adquiridas ou recebidas de terceiros, que não tenham\n  sido objeto de qualquer processo industrial no estabelecimento, quando da\n  saída real da mercadoria, cujo faturamento tenha sido classificado no código\n  6.922 - Lançamento efetuado a título de simples faturamento decorrente de\n  venda para entrega futura.
6.118	Venda de produção do\n  estabelecimento entregue ao destinatário por conta e ordem do adquirente\n  originário, em venda à ordem	Classificam-se neste código\n  as vendas à ordem de produtos industrializados pelo estabelecimento,\n  entregues ao destinatário por conta e ordem do adquirente originário.
6.119	Venda de mercadoria adquirida\n  ou recebida de terceiros entregue ao destinatário por conta e ordem do\n  adquirente originário, em venda à ordem	Classificam-se neste código\n  as vendas à ordem de mercadorias adquiridas ou recebidas de terceiros, que\n  não tenham sido objeto de qualquer processo industrial no estabelecimento,\n  entregues ao destinatário por conta e ordem do adquirente originário.
6.120	Venda de mercadoria\n  adquirida ou recebida de terceiros entregue ao destinatário pelo vendedor\n  remetente, em venda à ordem	Classificam-se neste código\n  as vendas à ordem de mercadorias adquiridas ou recebidas de terceiros, que\n  não tenham sido objeto de qualquer processo industrial no estabelecimento,\n  entregues pelo vendedor remetente ao destinatário, cuja compra seja\n  classificada, pelo adquirente originário, no código 2.118 - Compra de\n  mercadoria pelo adquirente originário, entregue pelo vendedor remetente ao\n  destinatário, em venda à ordem.
6.122	Venda de produção do estabelecimento\n  remetida para industrialização, por conta e ordem do adquirente, sem\n  transitar pelo estabelecimento do adquirente	Classificam-se neste código\n  as vendas de produtos industrializados no estabelecimento, remetidos para\n  serem industrializados em outro estabelecimento, por conta e ordem do\n  adquirente, sem que os produtos tenham transitado pelo estabelecimento do\n  adquirente.
6.123	Venda de mercadoria\n  adquirida ou recebida de terceiros remetida para\n  industrialização, por conta e ordem do adquirente, sem transitar pelo\n  estabelecimento do adquirente	Classificam-se neste código\n  as vendas de mercadorias adquiridas ou recebidas de terceiros, que não tenham\n  sido objeto de qualquer processo industrial no estabelecimento, remetidas\n  para serem industrializadas em outro estabelecimento, por conta e ordem do\n  adquirente, sem que as mercadorias tenham transitado pelo estabelecimento do\n  adquirente.
6.124	Industrialização\n  efetuada para outra empresa	Classificam-se neste código\n  as saídas de mercadorias industrializadas para terceiros, compreendendo os\n  valores referentes aos serviços prestados e os das mercadorias de propriedade\n  do industrializador empregadas no processo\n  industrial.
6.301	Prestação de serviço de comunicação\n      para execução de serviço da mesma natureza	Classificam-se neste código\n       as prestações de serviços de comunicação destinados às prestações de serviços\n      da mesma natureza.
6.125	Industrialização\n  efetuada para outra empresa quando a mercadoria recebida para utilização no\n  processo de industrialização não transitar pelo estabelecimento adquirente da\n  mercadoria	Classificam-se neste código\n  as saídas de mercadorias industrializadas para outras empresas, em que as\n  mercadorias recebidas para utilização no processo de industrialização não\n  tenham transitado pelo estabelecimento do adquirente das mercadorias,\n  compreendendo os valores referentes aos serviços prestados e os das\n  mercadorias de propriedade do industrializador empregadas\n  no processo industrial.
6.151	Transferência de\n      produção do estabelecimento	Produtos\n       industrializado ou produzido no estabelecimento e transferido para outro\n      estabelecimento da mesma empresa. \n     (NR\n       Ajuste SINIEF 05/2005) (Dec.28.868/2006\n         - Efeitos a partir de 01/01/2006, ficando facultada ao contribuinte a sua\n         adoção para fatos geradores ocorridos no período de 01 de novembro a 31 de\n      dezembro de 2005)
6.152	Transferência de\n  mercadoria adquirida ou recebida de terceiros	Mercadoria adquirida ou\n  recebida de terceiros para industrialização, comercialização ou utilização na\n  prestação de serviço e que não tenha sido objeto de qualquer processo\n  industrial no estabelecimento, transferida para outro estabelecimento da\n  mesma empresa. A partir  10 de julho de\n  2003. (Decreto nº 26.020/2003)
6.153	Transferência de energia\n  elétrica	Classificam-se neste código\n  as transferências de energia elétrica para outro estabelecimento da mesma\n  empresa, para distribuição.
6.155	Transferência de\n  produção do estabelecimento, que não deva por ele transitar	Classificam-se neste código\n  as transferências para outro estabelecimento da mesma empresa, de produtos\n  industrializados no estabelecimento que tenham sido remetidos para armazém\n  geral, depósito fechado ou outro, sem que haja retorno ao estabelecimento\n  depositante.
6.156	Transferência de\n  mercadoria adquirida ou recebida de terceiros, que não deva por ele transitar	Classificam-se neste código\n  as transferências para outro estabelecimento da mesma empresa, de mercadorias\n  adquiridas ou recebidas de terceiros para industrialização ou comercialização,\n  que não tenham sido objeto de qualquer processo industrial, remetidas para\n  armazém geral, depósito fechado ou outro, sem que haja retorno ao\n  estabelecimento depositante.
6.201	Devolução de compra para industrialização ou produção rural (NR Ajuste SINIEF 05/2005) (Decreto 28.868/2006)	Devolução de mercadoria adquirida para ser utilizada em processo\n       de industrialização ou produção rural, cuja entrada tenha sido classificada\n      como "1.101 - Compra para industrialização ou produção rural".\n     (NR\n       Ajuste SINIEF 05/2005) (Dec.28.868/2006\n         - Efeitos a partir de 01/01/2006, ficando facultada ao contribuinte a sua\n         adoção para fatos geradores ocorridos no período de 01 de novembro a 31 de\n      dezembro de 2005)
6.202	Devolução de compra para\n  comercialização	Classificam-se neste código\n  as devoluções de mercadorias adquiridas para serem comercializadas, cujas entradas\n  tenham sido classificadas como Compra para comercialização.
6.205	Anulação de valor\n  relativo a aquisição de serviço de comunicação	Classificam-se neste código\n  as anulações correspondentes a valores faturados indevidamente, decorrentes\n  das aquisições de serviços de comunicação.
6.206	Anulação de valor\n  relativo a aquisição de serviço de transporte	Classificam-se neste código\n  as anulações correspondentes a valores faturados indevidamente, decorrentes das\n  aquisições de serviços de transporte.
6.207	Anulação de valor\n  relativo à compra de energia elétrica	Classificam-se neste código\n  as anulações correspondentes a valores faturados indevidamente, decorrentes\n  da compra de energia elétrica.
6.208	Devolução de mercadoria recebida em transferência para\n  industrialização ou produção rural	Devolução de mercadoria recebida em transferência de outro\n  estabelecimento da mesma empresa, para ser utilizada em processo de\n  industrialização ou produção rural. \n  (NR\n  Ajuste SINIEF 05/2005) (Dec.28.868/2006\n  - Efeitos a partir de 01/01/2006, ficando facultada ao contribuinte a sua\n  adoção para fatos geradores ocorridos no período de 01 de novembro a 31 de\n  dezembro de 2005)
6.209	Devolução de mercadoria\n  recebida em transferência para comercialização	Classificam-se neste código\n  as devoluções de mercadorias recebidas em transferência de outro\n  estabelecimento da mesma empresa, para serem comercializadas.
6.210	Devolução de compra para\n  utilização na prestação de serviço	Classificam-se neste código\n  as devoluções de mercadorias adquiridas para utilização na prestação de\n  serviços, cujas entradas tenham sido classificadas nos códigos "2.126 -\n  Compra para utilização na prestação de serviço sujeita ao ICMS" e "2.128\n  Compra para utilização na\n  prestação de serviço sujeita ao ISSQN" (AJUSTE\n  SINIEF 4, DE 9 DE JULHO DE 2010).\n  Efeitos a partir de 1º de janeiro de 2011– DECRETO 36.465/2011.
6.251	Venda de energia\n      elétrica para distribuição ou comercialização	Classificam-se neste código\n       as vendas de energia elétrica destinada à distribuição ou comercialização.\n       Também serão classificadas neste código as vendas de energia elétrica\n       destinada a cooperativas para distribuição aos seus\n      cooperados.
6.252	Venda de energia\n  elétrica para estabelecimento industrial	Classificam-se neste código\n  as vendas de energia elétrica para consumo por estabelecimento industrial. Também\n  serão classificadas neste código as vendas de energia elétrica destinada a\n  estabelecimento industrial de cooperativa.
6.253	Venda de energia\n  elétrica para estabelecimento comercial	Classificam-se neste código\n  as vendas de energia elétrica para consumo por estabelecimento comercial.\n  Também serão classificadas neste código as vendas de energia elétrica\n  destinada a estabelecimento comercial de cooperativa.
6.254	Venda de energia elétrica\n  para estabelecimento prestador de serviço de transporte	Classificam-se neste código\n  as vendas de energia elétrica para consumo por estabelecimento de prestador\n  de serviços de transporte.
6.255	Venda de energia\n  elétrica para estabelecimento prestador de serviço de comunicação	Classificam-se neste código\n  as vendas de energia elétrica para consumo por estabelecimento de prestador\n  de serviços de comunicação.
6.256	Venda de energia\n  elétrica para estabelecimento de produtor rural	Classificam-se neste código\n  as vendas de energia elétrica para consumo por estabelecimento de produtor\n  rural.
6.257	Venda de energia\n  elétrica para consumo por demanda contratada	Classificam-se neste código\n  as vendas de energia elétrica para consumo por demanda contratada, que\n  prevalecerá sobre os demais códigos deste subgrupo.
6.258	Venda de energia\n  elétrica a não contribuinte	Classificam-se neste código\n  as vendas de energia elétrica a pessoas físicas ou a pessoas jurídicas não\n  indicadas nos códigos anteriores.
6.302	Prestação de serviço de\n  comunicação a estabelecimento industrial	Classificam-se neste código\n  as prestações de serviços de comunicação a estabelecimento industrial. Também\n  serão classificados neste código os serviços de comunicação prestados a\n  estabelecimento industrial de cooperativa.
6.303	Prestação de serviço de\n  comunicação a estabelecimento comercial	Classificam-se neste código\n  as prestações de serviços de comunicação a estabelecimento comercial. Também\n  serão classificados neste código os serviços de comunicação prestados a\n  estabelecimento comercial de cooperativa.
6.304	Prestação de serviço de\n  comunicação a estabelecimento de prestador de serviço de transporte	Classificam-se neste código\n  as prestações de serviços de comunicação a estabelecimento prestador de\n  serviço de transporte.
6.305	Prestação de serviço de\n  comunicação a estabelecimento de geradora ou de distribuidora de energia\n  elétrica	Classificam-se neste código\n  as prestações de serviços de comunicação a estabelecimento de geradora ou de\n  distribuidora de energia elétrica.
6.306	Prestação de serviço de\n  comunicação a estabelecimento de produtor rural	Classificam-se neste código\n  as prestações de serviços de comunicação a estabelecimento de produtor rural.
6.307	Prestação de serviço de comunicação\n  a não contribuinte	Classificam-se neste código\n  as prestações de serviços de comunicação a pessoas físicas ou a pessoas\n  jurídicas não indicadas nos códigos anteriores.
6.351	Prestação de serviço de\n      transporte para execução de serviço da mesma natureza	Classificam-se neste código\n       as prestações de serviços de transporte destinados às prestações de serviços\n      da mesma natureza.
6.352	Prestação de serviço de\n  transporte a estabelecimento industrial	Classificam-se neste código\n  as prestações de serviços de transporte a estabelecimento industrial. Também\n  serão classificados neste código os serviços de transporte prestados a\n  estabelecimento industrial de cooperativa.
6.353	Prestação de serviço de\n  transporte a estabelecimento comercial	Classificam-se neste código\n  as prestações de serviços de transporte a estabelecimento comercial. Também\n  serão classificados neste código os serviços de transporte prestados a\n  estabelecimento comercial de cooperativa.
6.354	Prestação de serviço de\n  transporte a estabelecimento de prestador de serviço de comunicação	Classificam-se neste código\n  as prestações de serviços de transporte a estabelecimento prestador de\n  serviços de comunicação.
6.355	Prestação de serviço de\n  transporte a estabelecimento de geradora ou de distribuidora de energia\n  elétrica	Classificam-se neste código\n  as prestações de serviços de transporte a estabelecimento de geradora ou de\n  distribuidora de energia elétrica.
6.356	Prestação de serviço de\n  transporte a estabelecimento de produtor rural	Classificam-se neste código\n  as prestações de serviços de transporte a estabelecimento de produtor rural.
6.357	Prestação de serviço de\n  transporte a não contribuinte	Classificam-se neste código\n  as prestações de serviços de transporte a pessoas físicas ou a pessoas\n  jurídicas não indicadas nos códigos anteriores.
6.359	Prestação\n  de serviço de transporte a contribuinte ou a não-contribuinte, quando a\n  mercadoria transportada esteja dispensada de emissão de Nota Fiscal	Prestação\n  de serviço de transporte a contribuinte ou a não-contribuinte, quando não\n  existir a obrigação legal de emissão de Nota Fiscal para a mercadoria\n  transportada. (ACR Ajuste SINIEF 03/2004)\n  (DECRETO Nº 26.810/2004) (a partir de\n  01.01.2005)
6.360	Prestação de serviço de transporte a contribuinte\n  substituto em relação ao serviço de transporte	Prestação de serviço de\n  transporte a contribuinte a quem tenha sido atribuída a\n  condição de contribuinte-substituto em relação ao imposto incidente na prestação\n  dos serviços. (Ajuste SINIEF 03/2008) (Decreto\n  nº 32.653, de 14.11.2008) a partir de 01.05.2008
6.401	Venda de produção do\n       estabelecimento quando o produto estiver sujeito ao regime de substituição\n      tributária	Venda de produto\n       industrializado ou produzido no estabelecimento, quando o produto estiver\n       sujeito ao regime de substituição tributária, bem como a venda de produto\n       industrializado por estabelecimento industrial ou rural de cooperativa,\n      quando o produto estiver sujeito ao referido regime.\n     (NR\n       Ajuste SINIEF 05/2005) (Dec.28.868/2006\n         - Efeitos a partir de 01/01/2006, ficando facultada ao contribuinte a sua\n         adoção para fatos geradores ocorridos no período de 01 de novembro a 31 de\n      dezembro de 2005)
6.402	Venda de produção do\n  estabelecimento de produto sujeito ao regime de substituição tributária, em\n  operação entre contribuintes substitutos do mesmo produto	Classificam-se neste código\n  as vendas de produtos sujeitos ao regime de substituição tributária\n  industrializados no estabelecimento, em operações entre contribuintes\n  substitutos do mesmo produto.
6.403	Venda de mercadoria\n  adquirida ou recebida de terceiros em operação com mercadoria sujeita ao\n  regime de substituição tributária, na condição de contribuinte substituto	Classificam-se neste código\n  as vendas de mercadorias adquiridas ou recebidas de terceiros, na condição de\n  contribuinte substituto, em operação com mercadorias sujeitas ao regime de\n  substituição tributária.
6.404	Venda de mercadoria\n  sujeita ao regime de substituição tributária, cujo imposto já tenha sido\n  retido anteriormente	Classificam-se neste código\n  as vendas de mercadorias sujeitas ao regime de substituição tributária, na\n  condição de substituto tributário, exclusivamente nas hipóteses em que o\n  imposto já tenha sido retido anteriormente.
6.408	Transferência\n  de produção do estabelecimento quando o produto estiver sujeito ao regime de\n  substituição tributária	Transferência\n  de produto industrializado ou produzido no estabelecimento, para outro\n  estabelecimento da mesma empresa, quando o produto estiver sujeito ao regime\n  de substituição tributária.\n  (NR\n  Ajuste SINIEF 05/2005) (Dec.28.868/2006\n  - Efeitos a partir de 01/01/2006, ficando facultada ao contribuinte a sua\n  adoção para fatos geradores ocorridos no período de 01 de novembro a 31 de\n  dezembro de 2005)
6.409	Transferência de\n  mercadoria adquirida ou recebida de terceiros, sujeita ao regime de\n  substituição tributária	Classificam-se neste código\n  as transferências para outro estabelecimento da mesma empresa, de mercadorias\n  adquiridas ou recebidas de terceiros que não tenham sido objeto de qualquer\n  processo industrial no estabelecimento, em operações com mercadorias sujeitas\n  ao regime de substituição tributária.
6.603	Ressarcimento de ICMS\n      retido por substituição tributária	Classificam-se neste código\n       os lançamentos destinados ao registro de ressarcimento de ICMS retido por\n       substituição tributária a contribuinte substituído,\n       efetuado pelo contribuinte substituto, nas hipóteses previstas na legislação\n      aplicável.
6.410	Devolução\n  de compra para industrialização ou ptrodução rural\n  quando a mercadoria sujeita ao regime de substituição tributária	Devolução\n  de mercadoria adquirida para ser utilizada em processo de industrialização ou\n  produção rural, cuja entrada tenha sido classificada como "Compra para\n  industrialização ou produção rural de mercadoria sujeita ao regime de\n  substituição tributária".\n  (NR\n  Ajuste SINIEF 05/2005) (Dec.28.868/2006\n  - Efeitos a partir de 01/01/2006, ficando facultada ao contribuinte a sua\n  adoção para fatos geradores ocorridos no período de 01 de novembro a 31 de\n  dezembro de 2005)
6.411	Devolução de compra para\n  comercialização em operação com mercadoria sujeita ao regime de substituição\n  tributária	Classificam-se neste código\n  as devoluções de mercadorias adquiridas para serem comercializadas,\n  cujas entradas tenham sido classificadas como Compra para comercialização em\n  operação com mercadoria sujeita ao regime de substituição tributária.
6.412	Devolução de bem do\n  ativo imobilizado, em operação com mercadoria sujeita ao regime de\n  substituição tributária	Classificam-se neste código\n  as devoluções de bens adquiridos para integrar o ativo imobilizado do\n  estabelecimento, cuja entrada tenha sido classificada no código 2.406 -\n  Compra de bem para o ativo imobilizado cuja mercadoria está sujeita ao regime\n  de substituição tributária.
6.413	Devolução de mercadoria destinada\n  ao uso ou consumo, em operação com mercadoria sujeita ao regime de\n  substituição tributária	Classificam-se neste código\n  as devoluções de mercadorias adquiridas para uso ou consumo do\n  estabelecimento, cuja entrada tenha sido classificada no código 2.407 -\n  Compra de mercadoria para uso ou consumo cuja mercadoria está sujeita ao\n  regime de substituição tributária.
6.414	Remessa\n  de produção do estabelecimento para venda fora do estabelecimento, quando o\n  produto estiver sujeito ao regime de substituição tributária	Remessa\n  de produto industrializado ou produzido pelo estabelecimento para ser vendido\n  fora do estabelecimento, inclusive por meio de veículo, quando o mencionado\n  produto estiver sujeito ao regime de substituição tributária.\n  (NR\n  Ajuste SINIEF 05/2005) (Dec.28.868/2006\n  - Efeitos a partir de 01/01/2006, ficando facultada ao contribuinte a sua\n  adoção para fatos geradores ocorridos no período de 01 de novembro a 31 de\n  dezembro de 2005)
6.415	Remessa de mercadoria\n  adquirida ou recebida de terceiros para venda fora do estabelecimento, quando\n  a referida ração com mercadoria sujeita ao regime de substituição tributária	Remessa de mercadoria\n  adquirida ou recebida de terceiro para serem vendida fora do estabelecimento,\n  inclusive por meio de veículo, quando a referida mercadorias estiver sujeita\n  ao regime de substituição tributária.
6.501	Remessa de produção do\n      estabelecimento, com fim específico de exportação	Saída\n       de produto industrializado ou produzido pelo estabelecimento, remetido com\n       fim específico de exportação a "trading company",\n      empresa comercial exportadora ou outro estabelecimento do remetente. \n     (NR Ajuste SINIEF 05/2005) (Dec. 28.868/2006 - a sua aplicação\n       será obrigatória em relação aos fatos geradores ocorridos a partir de 01 de\n       julho de 2006, ficando facultada ao contribuinte a sua adoção para fatos\n      geradores ocorridos no período de 01 de janeiro a 30 de junho de 2006)
6.502	Remessa de mercadoria\n  adquirida ou recebida de terceiros, com fim específico de exportação	Classificam-se neste código\n  as saídas de mercadorias adquiridas ou recebidas de terceiros, remetidas com\n  fim específico de exportação a trading company,\n  empresa comercial exportadora ou outro estabelecimento do remetente.
6.503	Devolução de mercadoria\n  recebida com fim específico de exportação	Classificam-se neste código\n  as devoluções efetuadas por trading company,\n  empresa comercial exportadora ou outro estabelecimento do destinatário, de\n  mercadorias recebidas com fim específico de exportação, cujas entradas tenham\n  sido classificadas no código 2.501 - Entrada de mercadoria recebida com fim\n  específico de exportação.
6.504	Remessa\n  de mercadoria para formação de lote de exportação, de produto industrializado\n  ou produzido pelo próprio estabelecimento.	Remessa\n  de mercadoria para formação de lote de exportação, de produto industrializado\n  ou produzido pelo próprio estabelecimento. \n  (ACR Ajuste SINIEF 09/2005) (Dec. 28.868/2006 - a sua aplicação será\n  obrigatória em relação aos fatos geradores ocorridos a partir de 01 de julho\n  de 2006, ficando facultada ao contribuinte a sua adoção para fatos geradores\n  ocorridos no período de 01 de janeiro a 30 de junho de 2006)
6.505	Remessa\n  de mercadoria, adquirida ou recebida de terceiros, para formação de lote de\n  exportação.	Remessa\n  de mercadoria, adquirida ou recebida de terceiros, para formação de lote de\n  exportação. \n  (ACR Ajuste SINIEF 09/2005) (Dec. 28.868/2006 - a sua aplicação\n  será obrigatória em relação aos fatos geradores ocorridos a partir de 01 de\n  julho de 2006, ficando facultada ao contribuinte a sua adoção para fatos\n  geradores ocorridos no período de 01 de janeiro a 30 de junho de 2006)
6.551	Venda de bem do ativo\n      imobilizado	Vendas de bem integrante do\n       ativo imobilizado do estabelecimento. –a  partir\n         01.01.2004-  Decreto Nº 26.174 de\n      26/11/2003
6.552	Transferência de bem do\n  ativo imobilizado	Transferência de bem do\n  ativo imobilizado para outro estabelecimento da mesma empresa. –a  partir\n  01.01.2004-  Decreto Nº 26.174 de\n  26/11/2003
6.553	Devolução de compra de\n  bem para o ativo imobilizado	Devolução de bem adquirido\n  para integrar o ativo imobilizado do estabelecimento, cuja entrada foi\n  classificada no código 2.551 - Compra de bem para o ativo imobilizado. –a  partir\n  01.01.2004-  Decreto Nº 26.174 de\n  26/11/2003
6.554	Remessa de bem do ativo\n  imobilizado para uso fora do estabelecimento	Remessa de bem do ativo\n  imobilizado para uso fora do estabelecimento.\n  –a  partir\n  01.01.2004-  Decreto Nº 26.174 de\n  26/11/2003
6.555	Devolução de bem do\n  ativo imobilizado de terceiro, recebido para uso no estabelecimento	Saída em devolução, de bem\n  do ativo imobilizado de terceiros, recebidos para uso no estabelecimento,\n  cuja entrada tenha sido classificada no código 2.555 - Entrada de bem do\n  ativo imobilizado de terceiro, remetido para uso no estabelecimento. –a  partir\n  01.01.2004-  Decreto Nº 26.174 de\n  26/11/2003
6.556	Devolução de compra de\n  material de uso ou consumo	Devolução de mercadoria\n  destinada ao uso ou consumo do estabelecimento, cuja entrada tenha sido\n  classificada no código 2.556 - compra de material para uso ou consumo –a partir 01.01.2004-  Decreto Nº 26.174 de 26/11/2003
6.557	Transferência de\n  material de uso ou consumo	Transferência de material\n  de uso ou consumo para outro estabelecimento da mesma empresa. –a  partir\n  01.01.2004-  Decreto Nº 26.174 de\n  26/11/2003
6.651	Venda\n       de combustível ou lubrificante, de produção do\n      estabelecimento, destinados à industrialização subseqüente	Venda\n       de combustível ou lubrificante, industrializados no estabelecimento e\n       destinados à industrialização do próprio produto, inclusive aquela decorrente\n       de encomenda para entrega futura, cujo faturamento tenha sido classificado no\n       código 6.922 – "Lançamento efetuado a título de simples faturamento\n       decorrente de venda para entrega futura".(a\n         partir 01.01.2004 -  Decreto\n      Nº 26.174 de 26/11/2003)
6.652	Venda\n  de combustível ou lubrificante, de produção do\n  estabelecimento, destinados à comercialização	Venda\n  de combustível ou lubrificante, industrializados no estabelecimento e\n  destinados à comercialização, inclusive aquela decorrente de encomenda para\n  entrega futura, cujo faturamento tenha sido classificado no código 6.922 –\n  "Lançamento efetuado a título de simples faturamento decorrente de venda\n  para entrega futura".(a partir 01.01.2004 -  Decreto Nº 26.174 de 26/11/2003)
6.653	Venda\n  de combustível ou lubrificante, de produção do\n  estabelecimento, destinados a consumidor ou usuário final	Venda\n  de combustível ou lubrificante, industrializados no estabelecimento e\n  destinados a consumo em processo de industrialização de outro produto, à\n  prestação de serviço ou a usuário final, inclusive aquela decorrente de\n  encomenda para entrega futura, cujo faturamento tenha sido classificado no\n  código 6.922 – "Lançamento efetuado a título de simples faturamento\n  decorrente de venda para entrega futura".(a partir 01.01.2004 -  Decreto Nº 26.174 de 26/11/2003)
6.654	Venda\n  de combustível ou lubrificante, adquiridos ou recebidos de terceiros,\n  destinados à industrialização subseqüente	Venda\n  de combustível ou lubrificante, adquiridos ou recebidos de terceiros,\n  destinados à industrialização do próprio produto, inclusive aquela decorrente\n  de encomenda para entrega futura, cujo faturamento tenha sido classificado no\n  código 5.922 – "Lançamento efetuado a título de simples faturamento\n  decorrente de venda para entrega futura".(a partir 01.01.2004 -  Decreto Nº 26.174 de 26/11/2003)
6.655	Venda\n  de combustível ou lubrificante, adquiridos ou recebidos de terceiros,\n  destinados à comercialização	Venda\n  de combustível ou lubrificante, adquiridos ou recebidos de terceiros,\n  destinados à comercialização, inclusive aquela decorrente de encomenda para\n  entrega futura, cujo faturamento tenha sido classificado no código 5.922 –\n  "Lançamento efetuado a título de simples faturamento decorrente de venda\n  para entrega futura".(a partir 01.01.2004 -  Decreto Nº 26.174 de 26/11/2003)
6.656	Venda\n  de combustível ou lubrificante, adquiridos ou recebidos de terceiros,\n  destinados a consumidor ou usuário final	Venda\n  de combustível ou lubrificante, adquiridos ou recebidos de terceiros,\n  destinados a consumo em processo de industrialização de outro produto, à\n  prestação de serviço ou a usuário final, inclusive aquela decorrente de\n  encomenda para entrega futura, cujo faturamento tenha sido classificado no\n  código 5.922 – "Lançamento efetuado a título de simples faturamento\n  decorrente de venda para entrega futura".(a partir 01.01.2004 -  Decreto Nº 26.174 de 26/11/2003)
6.657	Remessa\n  de combustível ou lubrificante, adquiridos ou recebidos de terceiros, para\n  venda fora do estabelecimento	Remessa\n  de combustível ou lubrificante, adquiridos ou recebidos de terceiros, para\n  ser vendidos fora do estabelecimento, inclusive por meio de veículos. (a partir 01.01.2004 -  Decreto Nº 26.174 de 26/11/2003)
6.658	Transferência\n  de combustível ou lubrificante de produção do estabelecimento	Transferência\n  de combustível ou lubrificante, industrializados no estabelecimento, para\n  outro estabelecimento da mesma empresa. (a partir 01.01.2004 -  Decreto Nº 26.174\n  de 26/11/2003)
6.659	Transferência de combustível ou lubrificante adquiridos ou\n  recebidos de terceiros	Transferência\n  de combustível ou lubrificante, adquiridos ou recebidos de terceiros, para\n  outro estabelecimento da mesma empresa. (a partir 01.01.2004 -  Decreto Nº 26.174\n  de 26/11/2003)
6.660	Devolução\n  de compra de combustível ou lubrificante adquiridos para industrialização\n  subseqüente	Devolução\n  de compra de combustível ou lubrificante, adquiridos para industrialização do\n  próprio produto, cuja entrada tenha sido classificada como "Compra de\n  combustível ou lubrificante para industrialização subseqüente".(a partir 01.01.2004 -  Decreto Nº 26.174\n  de 26/11/2003)
6.661	Devolução de compra de\n  combustível ou lubrificante adquiridos para comercialização	Devolução de compra de\n  combustível ou lubrificante, adquiridos para comercialização, cuja entrada\n  tenha sido classificada como "Compra de combustível ou lubrificante para\n  comercialização".(a partir 01.01.2004 -  Decreto Nº 26.174\n  de 26/11/2003)
6.662	Devolução\n  de compra de combustível ou lubrificante adquiridos por consumidor ou usuário\n  final	Devolução\n  de compra de combustível ou lubrificante, adquiridos para consumo em processo\n  de industrialização de outro produto, na prestação de serviço ou por usuário\n  final, cuja entrada tenha sido classificada como "Compra de combustível\n  ou lubrificante por consumidor ou usuário final".(a partir 01.01.2004 -  Decreto Nº 26.174 de 26/11/2003)
6.663	Remessa para armazenagem\n  de combustível ou lubrificante	Remessa para armazenagem de\n  combustível ou lubrificante. (a partir 01.01.2004 -  Decreto Nº 26.174 de 26/11/2003)
6.664	Retorno de combustível\n  ou lubrificante recebidos para armazenagem	Remessa, em devolução, de\n  combustível ou lubrificante, recebidos para armazenagem. (a partir 01.01.2004 -  Decreto Nº 26.174\n  de 26/11/2003)
6.665	Retorno simbólico de combustível ou lubrificante recebidos para\n  armazenagem	Retorno simbólico\n  de combustível ou lubrificante, recebidos para armazenagem, quando a\n  mercadoria armazenada tenha sido objeto de saída, a qualquer título, e\n  não deva retornar ao estabelecimento depositante. (a partir 01.01.2004 -  Decreto Nº 26.174 de 26/11/2003)
6.666	Remessa,\n  por conta e ordem de terceiros, de combustível ou lubrificante recebidos para\n  armazenagem	Saída,\n  por conta e ordem de terceiros, de combustível ou lubrificante, recebidos\n  anteriormente para armazenagem. (a partir 01.01.2004 -  Decreto Nº 26.174\n  de 26/11/2003)
6.667	Venda de\n  combustível ou lubrificante a consumidor ou usuário final estabelecido em outra\n  Unidade da Federação diferente da que ocorrer o consumo	Venda\n  de combustível ou lubrificante a consumidor ou a usuário final, cujo\n  abastecimento tenha sido efetuado em Unidade da Federação diferente do\n  remetente e do destinatário. ACR Ajuste SINIEF 05/2009\n  – a partir de 01.07.2009)(Decreto nº 34.490/2009)
6.901	Remessa para\n      industrialização por encomenda	Classificam-se neste código\n       as remessas de insumos remetidos para industrialização por encomenda, a ser\n      realizada em outra empresa ou em outro estabelecimento da mesma empresa.
6.902	Retorno de mercadoria\n  utilizada na industrialização por encomenda	Classificam-se neste código\n  as remessas, pelo estabelecimento industrializador,\n  dos insumos recebidos para industrialização e incorporados ao produto final,\n  por encomenda de outra empresa ou de outro estabelecimento da mesma empresa.\n  O valor dos insumos nesta operação deverá ser igual ao valor dos insumos\n  recebidos para industrialização.
6.903	Retorno de mercadoria\n  recebida para industrialização e não aplicada no referido processo	Classificam-se neste código\n  as remessas em devolução de insumos recebidos para industrialização e não\n  aplicados no referido processo.
6.904	Remessa para venda fora\n  do estabelecimento	Classificam-se neste código\n  as remessas de mercadorias para venda fora do estabelecimento, inclusive por\n  meio de veículos.
6.905	Remessa para depósito\n  fechado ou armazém geral	Classificam-se neste código\n  as remessas de mercadorias para depósito em depósito fechado ou armazém\n  geral.
6.906	Retorno de mercadoria\n  depositada em depósito fechado ou armazém geral	Classificam-se neste código\n  os retornos de mercadorias depositadas em depósito fechado ou armazém geral\n  ao estabelecimento depositante.
6.907	Retorno simbólico de\n  mercadoria depositada em depósito fechado ou armazém geral	Classificam-se neste código\n  os retornos simbólicos de mercadorias recebidas para depósito em depósito\n  fechado ou armazém geral, quando as mercadorias depositadas tenham sido\n  objeto de saída a qualquer título e que não devam retornar ao estabelecimento\n  depositante.
6.908	Remessa de bem por conta\n  de contrato de comodato	Classificam-se neste código\n  as remessas de bens para o cumprimento de contrato de comodato.
6.909	Retorno de bem recebido\n  por conta de contrato de comodato	Classificam-se neste código\n  as remessas de bens em devolução após cumprido o\n  contrato de comodato.
6.910	Remessa em bonificação,\n  doação ou brinde	Classificam-se neste código\n  as remessas de mercadorias a título de bonificação, doação ou brinde.
6.911	Remessa de amostra\n  grátis	Classificam-se neste código\n  as remessas de mercadorias a título de amostra grátis.
6.912	Remessa de mercadoria ou\n  bem para demonstração	Classificam-se neste código\n  as remessas de mercadorias ou bens para demonstração.
6.913	Retorno de mercadoria ou\n  bem recebido para demonstração	Classificam-se neste código\n  as remessas em devolução de mercadorias ou bens recebidos para demonstração.
6.914	Remessa de mercadoria ou\n  bem para exposição ou feira	Classificam-se neste código\n  as remessas de mercadorias ou bens para exposição ou feira.
6.915	Remessa de mercadoria ou\n  bem para conserto ou reparo	Classificam-se neste código\n  as remessas de mercadorias ou bens para conserto ou reparo.
6.916	Retorno de mercadoria ou\n  bem recebido para conserto ou reparo	Classificam-se neste código\n  as remessas em devolução de mercadorias ou bens recebidos para conserto ou\n  reparo.
6.917	Remessa de mercadoria em\n  consignação mercantil ou industrial	Classificam-se neste código\n  as remessas de mercadorias a título de consignação mercantil ou industrial.
6.918	Devolução de mercadoria\n  recebida em consignação mercantil ou industrial	Classificam-se neste código\n  as devoluções de mercadorias recebidas anteriormente a título de consignação\n  mercantil ou industrial.
6.919	Devolução simbólica de\n  mercadoria vendida ou utilizada em processo industrial, recebida\n  anteriormente em consignação mercantil ou industrial	Classificam-se neste código\n  as devoluções simbólicas de mercadorias vendidas ou utilizadas em processo\n  industrial, que tenham sido recebidas anteriormente a título de consignação\n  mercantil ou industrial.
6.920	Remessa de vasilhame ou\n  sacaria	Classificam-se neste código\n  as remessas de vasilhame ou sacaria.
6.921	Devolução de vasilhame\n  ou sacaria	Classificam-se neste código\n  as saídas por devolução de vasilhame ou sacaria.
6.922	Lançamento efetuado a\n  título de simples faturamento decorrente de venda para entrega futura	Classificam-se neste código\n  os registros efetuados a título de simples faturamento decorrente de venda\n  para entrega futura.
6.923	Remessa de mercadoria\n  por conta e ordem de terceiros, em venda à ordem ou em operações com armazém\n  geral ou depósito fechado (NR\n  AJUSTE SINIEF 14, DE 11 DE DEZEMBRO DE 2009) efeitos\n  a partir de 1º de julho de 2010– DECRETO 36.465/2011.	Classificam-se\n  neste código as saídas correspondentes à entrega de mercadorias por conta e\n  ordem de terceiros, em vendas à ordem, cuja venda ao adquirente originário\n  foi classificada nos códigos "6.118 - Venda de produção do estabelecimento\n  entregue ao destinatário por conta e ordem do adquirente originário, em venda\n  à ordem" ou "6.119 - Venda de mercadoria adquirida ou recebida de terceiros\n  entregue ao destinatário por conta e ordem do adquirente originário, em venda\n  à ordem".\n  Também\n  serão classificadas neste código as remessas, por conta e ordem de terceiros,\n  de mercadorias depositadas ou para depósito em depósito fechado ou armazém\n  geral.\n  (NR\n  AJUSTE SINIEF 14, DE 11 DE DEZEMBRO DE 2009) efeitos a partir de 1º de julho\n  de 2010– DECRETO 36.465/2011.
6.924	Remessa para\n  industrialização por conta e ordem do adquirente da mercadoria, quando esta\n  não transitar pelo estabelecimento do adquirente	Classificam-se neste código\n  as saídas de insumos com destino a estabelecimento industrializador,\n  para serem industrializados por conta e ordem do adquirente, nas hipóteses em\n  que os insumos não tenham transitado pelo estabelecimento do adquirente dos\n  mesmos.
6.925	Retorno de mercadoria\n  recebida para industrialização por conta e ordem do adquirente da mercadoria,\n  quando aquela não transitar pelo estabelecimento do adquirente	Classificam-se neste código\n  as remessas, pelo estabelecimento industrializador,\n  dos insumos recebidos, por conta e ordem do adquirente, para industrialização\n  e incorporados ao produto final, nas hipóteses em que os insumos não tenham\n  transitado pelo estabelecimento do adquirente. O valor dos insumos nesta\n  operação deverá ser igual ao valor dos insumos recebidos para\n  industrialização.
6.929	Lançamento efetuado em\n  decorrência de emissão de documento fiscal relativo a\n  operação ou prestação também registrada em equipamento Emissor de Cupom\n  Fiscal - ECF	Classificam-se neste código\n  os registros relativos aos documentos fiscais emitidos em operações ou\n  prestações que também tenham sido registradas em equipamento Emissor de Cupom\n  Fiscal - ECF.
6.931	Lançamento efetuado em\n  decorrência da responsabilidade de retenção do imposto por substituição\n  tributária, atribuída ao remetente ou alienante da mercadoria, pelo serviço\n  de transporte realizado por transportador autônomo ou por transportador não\n  inscrito na unidade da Federação onde iniciado o serviço	Classificam-se neste código\n  exclusivamente os lançamentos efetuados pelo remetente ou alienante da\n  mercadoria quando lhe for atribuída a\n  responsabilidade pelo recolhimento do imposto devido pelo serviço de\n  transporte realizado por transportador autônomo ou por transportador não\n  inscrito na unidade da Federação onde iniciado o serviço.
6.932	Prestação de serviço de\n  transporte iniciada em unidade da Federação diversa daquela onde inscrito o\n  prestador	Classificam-se neste código\n  as prestações de serviço de transporte que tenham sido iniciadas em unidade\n  da Federação diversa daquela onde o prestador está inscrito como contribuinte.
6.933	Prestação\n  de serviço tributado pelo Imposto Sobre Serviços de Qualquer Natureza	Prestação\n  de serviço, cujo imposto   é de competência municipal, desde que\n  informado em nota fiscal modelo 1 ou 1-A. (ACR\n  Ajuste SINIEF 03/2004 e Ajuste SINIEF 06/2005)\n  (DECRETO Nº 26.868/2006)
6.934	Remessa\n  simbólica de mercadoria depositada em armazém geral ou depósito fechado- (ACR AJUSTE\n  SINIEF 14, DE 11 DE DEZEMBRO DE 2009) efeitos a\n  partir de 1º de julho de 2010 – DECRETO 36.465/2011.	Remessa simbólica\n  de mercadoria depositada em depósito fechado ou armazém geral, efetuada nas\n  situações em que haja a transmissão de propriedade com a permanência da\n  mercadoria em depósito ou quando a mercadoria tenha sido entregue pelo remetente\n  diretamente a depósito fechado ou armazém geral. (ACR\n  AJUSTE SINIEF 14, DE 11 DE DEZEMBRO DE 2009) efeitos a\n  partir de 1º de julho de 2010– DECRETO 36.465/2011.
6.949	Outra saída de\n  mercadoria ou prestação de serviço não especificado	Classificam-se neste código\n  as outras saídas de mercadorias ou prestações de serviços que não tenham sido\n  especificados nos códigos anteriores.
7.101	Venda de produção do\n      estabelecimento	Venda de produto industrializado ou produzido pelo\n       estabelecimento, bem como a de mercadoria por estabelecimento industrial ou\n       produtor rural de cooperativa destinada a seus cooperados ou a\n      estabelecimento de outra cooperativa. \n     (NR\n       Ajuste SINIEF 05/2005) (Dec.28.868/2006\n         - Efeitos a partir de 01/01/2006, ficando facultada ao contribuinte a sua\n         adoção para fatos geradores ocorridos no período de 01 de novembro a 31 de\n      dezembro de 2005)
7.102	Venda de mercadoria\n  adquirida ou recebida de terceiros	Classificam-se neste código\n  as vendas de mercadorias adquiridas ou recebidas de terceiros para\n  industrialização ou comercialização, que não tenham sido objeto de qualquer\n  processo industrial no estabelecimento. Também serão classificadas neste\n  código as vendas de mercadorias por estabelecimento comercial de cooperativa.
7.105	Venda de produção do\n  estabelecimento, que não deva por ele transitar	Classificam-se neste código\n  as vendas de produtos industrializados no estabelecimento, armazenados em\n  depósito fechado, armazém geral ou outro sem que haja retorno ao\n  estabelecimento depositante.
7.106	Venda de mercadoria\n  adquirida ou recebida de terceiros, que não deva por ele transitar	Classificam-se neste código\n  as vendas de mercadorias adquiridas ou recebidas de terceiros para\n  industrialização ou comercialização, armazenadas em depósito fechado, armazém\n  geral ou outro, que não tenham sido objeto de qualquer processo industrial no\n  estabelecimento sem que haja retorno ao estabelecimento depositante. Também\n  serão classificadas neste código as vendas de mercadorias importadas, cuja\n  saída ocorra do recinto alfandegado ou da repartição alfandegária onde se\n  processou o desembaraço aduaneiro, com destino ao estabelecimento do\n  comprador, sem transitar pelo estabelecimento do importador.
7.127	Venda de produção do\n  estabelecimento sob o regime de drawback	Classificam-se neste código\n  as vendas de produtos industrializados no estabelecimento sob o regime de\n  drawback , cujas compras foram classificadas no código 3.127 - Compra para\n  industrialização sob o regime de drawback.
7.201	Devolução de compra para industrialização ou produção rural (NR Ajuste SINIEF 05/2005) (Decreto 28.868/2006)	Devolução de mercadoria adquirida para ser utilizada em processo\n       de industrialização ou produção rural, cuja entrada tenha sido classificada\n      como "1.101 - Compra para industrialização ou produção rural".\n     (NR\n       Ajuste SINIEF 05/2005) (Dec.28.868/2006\n         - Efeitos a partir de 01/01/2006, ficando facultada ao contribuinte a sua\n         adoção para fatos geradores ocorridos no período de 01 de novembro a 31 de dezembro\n      de 2005)
7.202	Devolução de compra para\n  comercialização	Classificam-se neste código\n  as devoluções de mercadorias adquiridas para serem comercializadas, cujas\n  entradas tenham sido classificadas como Compra para comercialização.
7.205	Anulação de valor\n  relativo à aquisição de serviço de comunicação	Classificam-se neste código\n  as anulações correspondentes a valores faturados indevidamente, decorrentes\n  das aquisições de serviços de comunicação.
7.206	Anulação de valor\n  relativo a aquisição de serviço de transporte	Classificam-se neste código\n  as anulações correspondentes a valores faturados indevidamente, decorrentes\n  das aquisições de serviços de transporte.
7.207	Anulação de valor\n  relativo à compra de energia elétrica	Classificam-se neste código\n  as anulações correspondentes a valores faturados indevidamente, decorrentes\n  da compra de energia elétrica.
7.210	Devolução de compra para\n  utilização na prestação de serviço	Classificam-se neste código\n  as devoluções de mercadorias adquiridas para utilização na prestação de\n  serviços, cujas entradas tenham sido classificadas nos códigos "3.126 -\n  Compra para utilização na prestação de serviço sujeita ao ICMS" e "3.128 -\n  Compra para utilização na prestação de serviço sujeita ao ISSQN
2.551	Compra de bem para o\n      ativo imobilizado	Classificam-se neste código\n      as compras de bens destinados ao ativo imobilizado do estabelecimento.
1.101	Compra para industrialização ou produção rural\n      (NR Ajuste SINIEF 05/2005) (Decreto 28.868/2006)	Compra de mercadoria a\n       ser utilizada em processo de industrialização ou produção rural, bem como a\n       entrada de mercadoria em estabelecimento industrial ou produtor rural de\n       cooperativa recebida de seus cooperados ou de estabelecimento de outra\n      cooperativa.\n     (DECRETO Nº 28.868, DE\n       31/01/2006-– Efeitos a partir de 01/01/2006, ficando facultada ao\n       contribuinte a sua adoção para fatos geradores ocorridos no período de 01 de\n      novembro a 31 de dezembro de 2005).
\.


--
-- TOC entry 2975 (class 0 OID 17554)
-- Dependencies: 167
-- Data for Name: erprock_cst_cofins; Type: TABLE DATA; Schema: public; Owner: postgres
--

COPY erprock_cst_cofins (code, name) FROM stdin;
02	Operação Tributável com Alíquota Diferenciada
03	Operação Tributável com Alíquota por Unidade de Medida de Produto
04	Operação Tributável Monofásica - Revenda a Alíquota Zero
05	Operação Tributável por Substituição Tributária
06	Operação Tributável a Alíquota Zero
07	Operação Isenta da Contribuição
08	Operação sem Incidência da Contribuição
09	Operação com Suspensão da Contribuição
49	Outras Operações de Saída
50	Operação com Direito a Crédito - Vinculada Exclusivamente a Receita Tributada no Mercado Interno
51	Operação com Direito a Crédito - Vinculada Exclusivamente a Receita Não-Tributada no Mercado Interno
52	Operação com Direito a Crédito - Vinculada Exclusivamente a Receita de Exportação
53	Operação com Direito a Crédito - Vinculada a Receitas Tributadas e Não-Tributadas no Mercado Interno
54	Operação com Direito a Crédito - Vinculada a Receitas Tributadas no Mercado Interno e de Exportação
55	Operação com Direito a Crédito - Vinculada a Receitas Não Tributadas no Mercado Interno e de Exportação
56	Operação com Direito a Crédito - Vinculada a Receitas Tributadas e Não-Tributadas no Mercado Interno e de Exportação
60	Crédito Presumido - Operação de Aquisição Vinculada Exclusivamente a Receita Tributada no Mercado Interno
61	Crédito Presumido - Operação de Aquisição Vinculada Exclusivamente a Receita Não-Tributada no Mercado Interno
62	Crédito Presumido - Operação de Aquisição Vinculada Exclusivamente a Receita de Exportação
63	Crédito Presumido - Operação de Aquisição Vinculada a Receitas Tributadas e Não-Tributadas no Mercado Interno
64	Crédito Presumido - Operação de Aquisição Vinculada a Receitas Tributadas no Mercado Interno e de Exportação
65	Crédito Presumido - Operação de Aquisição Vinculada a Receitas Não-Tributadas no Mercado Interno e de Exportação
66	Crédito Presumido - Operação de Aquisição Vinculada a Receitas Tributadas e Não-Tributadas no Mercado Interno e de Exportação
67	Crédito Presumido - Outras Operações
70	Operação de Aquisição sem Direito a Crédito
71	Operação de Aquisição com Isenção
72	Operação de Aquisição com Suspensão
73	Operação de Aquisição a Alíquota Zero
74	Operação de Aquisição sem Incidência da Contribuição
75	Operação de Aquisição por Substituição Tributária
98	Outras Operações de Entrada
99	Outras Operações
01	Operação Tributável com Alíquota Básica
\.


--
-- TOC entry 2976 (class 0 OID 17557)
-- Dependencies: 168
-- Data for Name: erprock_cst_icms; Type: TABLE DATA; Schema: public; Owner: postgres
--

COPY erprock_cst_icms (code, name) FROM stdin;
00	Tributada integralmente
40	Isenta
51	Diferimento
90	Outras
10	Tributada e com cobrança do ICMS por substituição tributária
20	Com redução de base de cálculo
30	Isenta ou não tributada e com cobrança do ICMS por substituição tributária
41	Não tributada
50	Suspensão
60	ICMS cobrado anteriormente por substituição tributária
70	Com redução de base de cálculo e cobrança do ICMS por substituição tributária
\.


--
-- TOC entry 2977 (class 0 OID 17560)
-- Dependencies: 169
-- Data for Name: erprock_cst_ipi; Type: TABLE DATA; Schema: public; Owner: postgres
--

COPY erprock_cst_ipi (code, name) FROM stdin;
02	Entrada Isenta
04	Entrada Imune
49	Outras Entradas
00	Entrada com Recuperação de Crédito
01	Entrada Tributável com Alíquota Zero
03	Entrada Não-Tributada
05	Entrada com Suspensão
50	Saída Tributada
51	Saída Tributável com Alíquota Zero
52	Saída Isenta
53	Saída Não-Tributada
54	Saída Imune
55	Saída com Suspensão
99	Outras Saídas
\.


--
-- TOC entry 2978 (class 0 OID 17563)
-- Dependencies: 170
-- Data for Name: erprock_cst_pis; Type: TABLE DATA; Schema: public; Owner: postgres
--

COPY erprock_cst_pis (code, name) FROM stdin;
67	Crédito Presumido - Outras Operações
01	Operação Tributável com Alíquota Básica
02	Operação Tributável com Alíquota Diferenciada
03	Operação Tributável com Alíquota por Unidade de Medida de Produto
04	Operação Tributável Monofásica - Revenda a Alíquota Zero
05	Operação Tributável por Substituição Tributária
06	Operação Tributável a Alíquota Zero
07	Operação Isenta da Contribuição
08	Operação sem Incidência da Contribuição
09	Operação com Suspensão da Contribuição
49	Outras Operações de Saída
50	Operação com Direito a Crédito - Vinculada Exclusivamente a Receita Tributada no Mercado Interno
51	Operação com Direito a Crédito – Vinculada Exclusivamente a Receita Não Tributada no Mercado Interno
52	Operação com Direito a Crédito - Vinculada Exclusivamente a Receita de Exportação
53	Operação com Direito a Crédito - Vinculada a Receitas Tributadas e Não-Tributadas no Mercado Interno
54	Operação com Direito a Crédito - Vinculada a Receitas Tributadas no Mercado Interno e de Exportação
55	Operação com Direito a Crédito - Vinculada a Receitas Não-Tributadas no Mercado Interno e de Exportação
56	Operação com Direito a Crédito - Vinculada a Receitas Tributadas e Não-Tributadas no Mercado Interno, e de Exportação
60	Crédito Presumido - Operação de Aquisição Vinculada Exclusivamente a Receita Tributada no Mercado Interno
61	Crédito Presumido - Operação de Aquisição Vinculada Exclusivamente a Receita Não-Tributada no Mercado Interno
62	Crédito Presumido - Operação de Aquisição Vinculada Exclusivamente a Receita de Exportação
63	Crédito Presumido - Operação de Aquisição Vinculada a Receitas Tributadas e Não-Tributadas no Mercado Interno
64	Crédito Presumido - Operação de Aquisição Vinculada a Receitas Tributadas no Mercado Interno e de Exportação
65	Crédito Presumido - Operação de Aquisição Vinculada a Receitas Não-Tributadas no Mercado Interno e de Exportação
66	Crédito Presumido - Operação de Aquisição Vinculada a Receitas Tributadas e Não-Tributadas no Mercado Interno, e de Exportação
70	Operação de Aquisição sem Direito a Crédito
71	Operação de Aquisição com Isenção
72	Operação de Aquisição com Suspensão
73	Operação de Aquisição a Alíquota Zero
74	Operação de Aquisição sem Incidência da Contribuição
75	Operação de Aquisição por Substituição Tributária
98	Outras Operações de Entrada
99	Outras Operações
\.


--
-- TOC entry 2979 (class 0 OID 17566)
-- Dependencies: 171
-- Data for Name: erprock_enterprise_customers; Type: TABLE DATA; Schema: public; Owner: postgres
--

COPY erprock_enterprise_customers (cnpj, state_number, name, fantasy_name, phone_number, fax_number, contact_name, email, address_street, address_number, address_complement, address_square, address_city, address_state, address_postal_code) FROM stdin;
96247415000133	5432	Apple	Apple Inc.	+55 (11) 31684080	+55 (11) 66666666	Steve	contact@apple.com	Av. das Nações Unidas	2998	Bloco G	Itaim Bibi	São Paulo	SP	04523100
\.


--
-- TOC entry 2999 (class 0 OID 34628)
-- Dependencies: 200
-- Data for Name: erprock_entries; Type: TABLE DATA; Schema: public; Owner: postgres
--

COPY erprock_entries (id, date, store, debtor_account, creditor_account, value, history, complement) FROM stdin;
1	2013-01-29 15:56:00-02	63711302000198	2.1.1.002	1.1.2.001	24.75	20	
2	2013-02-14 12:08:04.02-02	63711302000198	2.1.1.003	1.2.1.002	0	20	
\.


--
-- TOC entry 3000 (class 0 OID 34651)
-- Dependencies: 202
-- Data for Name: erprock_histories; Type: TABLE DATA; Schema: public; Owner: postgres
--

COPY erprock_histories (id, name) FROM stdin;
20	Histórico A
21	Histórico B
22	Histórico C
\.


--
-- TOC entry 2980 (class 0 OID 17572)
-- Dependencies: 172
-- Data for Name: erprock_manufacturers; Type: TABLE DATA; Schema: public; Owner: postgres
--

COPY erprock_manufacturers (cnpj, state_number, name, fantasy_name, phone_number, fax_number, contact_name, email, address_street, address_number, address_complement, address_square, address_city, address_state, address_postal_code) FROM stdin;
14205511000154	123456	SoftSO	SoftSO Soluções em Tecnologia	+55 (11) 31687555		Rafael	rafael.donato@softso.com.br	Rua Joaquim Floriano	871	salas 131/132	Itaim Bibi	São Paulo	SP	04534013
\.


--
-- TOC entry 2981 (class 0 OID 17578)
-- Dependencies: 173
-- Data for Name: erprock_physical_customers; Type: TABLE DATA; Schema: public; Owner: postgres
--

COPY erprock_physical_customers (cpf, name, birth_date, phone_number, email, address_street, address_number, address_complement, address_square, address_city, address_state, address_postal_code) FROM stdin;
93842254873	Usain Bolt	1980-04-01 00:00:00	+55 (11) 31687555	usain@bolt.com	Av. Ibirapuera	680	11	Ibirapuera	São Paulo	SP	04543666
\.


--
-- TOC entry 2982 (class 0 OID 17584)
-- Dependencies: 174
-- Data for Name: erprock_prices; Type: TABLE DATA; Schema: public; Owner: postgres
--

COPY erprock_prices (id, product_code, value, store_cnpj, name) FROM stdin;
1	123	55.5	63711302000198	Preco da Boia
7	444	10	63711302000198	Preco do Domino
15	432	35	28878824000188	Preço Avião
19	123	1	28878824000188	nonononono
20	221	5	63711302000198	Copo-Matriz
21	3333	4.33000000000000007	63711302000198	Preço do teste
17	432	2000000	63711302000198	nomne
22	1212	20	63711302000198	preço oculos
\.


--
-- TOC entry 2983 (class 0 OID 17589)
-- Dependencies: 176
-- Data for Name: erprock_product_categories; Type: TABLE DATA; Schema: public; Owner: postgres
--

COPY erprock_product_categories (id, name) FROM stdin;
3	Medicamentos
2	Eletrônicos
\.


--
-- TOC entry 2984 (class 0 OID 17594)
-- Dependencies: 178
-- Data for Name: erprock_product_origins; Type: TABLE DATA; Schema: public; Owner: postgres
--

COPY erprock_product_origins (code, name) FROM stdin;
0	Nacional
2	Estrangeira - Adquirida no mercado interno
1	Estrangeira - Importação direta
\.


--
-- TOC entry 2985 (class 0 OID 17597)
-- Dependencies: 179
-- Data for Name: erprock_products; Type: TABLE DATA; Schema: public; Owner: postgres
--

COPY erprock_products (code, bar_code, product_category_id, manufacturer_cnpj, name, description, cst_icms_code, cst_ipi_code, cst_pis_code, cst_cofins_code, icms_percent_name, ipi_percent_name, pis_percent_name, cofins_percent_name, cfop_code) FROM stdin;
123	666	2	14205511000154	Boia	Flutua	00	00	01	01	CST ICMS	CST IPI	CST PIS	CST COFINS	1.256
221	323232	2	14205511000154	Copo		\N	\N	\N	\N	\N	\N	\N	\N	\N
3333	33333333	2	14205511000154	Teste	rwerew erwr w	00	00	55	61	CST COFINS	CST COFINS	CST COFINS	CST COFINS	1.102
1212	222	3	14205511000154	Óculos	fjfj jhg ghj	00	\N	\N	\N	CST ICMS	CST ICMS	CST ICMS	CST ICMS	\N
444	999	2	14205511000154	Domino	Pra Jogar	20	02	03	03	CST ICMS	CST IPI	CST PIS	CST COFINS	1.101
432	333	2	14205511000154	Avião	Para voar	10	01	02	02	CST ICMS	CST IPI	CST PIS	CST COFINS	1.101
\.


--
-- TOC entry 2986 (class 0 OID 17603)
-- Dependencies: 180
-- Data for Name: erprock_providers; Type: TABLE DATA; Schema: public; Owner: postgres
--

COPY erprock_providers (cnpj, state_number, name, fantasy_name, phone_number, fax_number, contact_name, email, address_street, address_number, address_complement, address_square, address_city, address_state, address_postal_code) FROM stdin;
53374619000122		Bigtime John							0					
\.


--
-- TOC entry 2993 (class 0 OID 18053)
-- Dependencies: 190
-- Data for Name: erprock_purchase_orders; Type: TABLE DATA; Schema: public; Owner: postgres
--

COPY erprock_purchase_orders (id, receipt, date, provider_id, payment_condition, payment_form, observation, value_paid, cargo) FROM stdin;
\.


--
-- TOC entry 2994 (class 0 OID 18065)
-- Dependencies: 192
-- Data for Name: erprock_purchase_product_orders; Type: TABLE DATA; Schema: public; Owner: postgres
--

COPY erprock_purchase_product_orders (id, order_id, product_code, quantity, product_origin_code, cst_icms_code, cst_ipi_code, cst_pis_code, cst_cofins_code, icms_percent_name, ipi_percent_name, pis_percent_name, cofins_percent_name, cfop_code, unit_price, store_cnpj) FROM stdin;
\.


--
-- TOC entry 2995 (class 0 OID 18153)
-- Dependencies: 194
-- Data for Name: erprock_sale_orders; Type: TABLE DATA; Schema: public; Owner: postgres
--

COPY erprock_sale_orders (id, receipt, date, payment_condition, payment_form, discount, observation, value_paid, physical_customer_id, enterprise_customer_id) FROM stdin;
4	erwr	2012-03-13 12:45:46.9468-03	1	1	0	rew	0	93842254873	\N
5	7657657	2012-03-13 16:32:52.138828-03	1	1	3		0	\N	96247415000133
6	1135454	2012-04-27 17:23:16.043075-03	1	1	0		0	93842254873	\N
\.


--
-- TOC entry 2996 (class 0 OID 18174)
-- Dependencies: 196
-- Data for Name: erprock_sale_product_orders; Type: TABLE DATA; Schema: public; Owner: postgres
--

COPY erprock_sale_product_orders (id, order_id, product_code, quantity, cst_icms_code, cst_ipi_code, cst_pis_code, cst_cofins_code, icms_percent_name, ipi_percent_name, pis_percent_name, cofins_percent_name, cfop_code, store_cnpj, value) FROM stdin;
18	5	1212	5	00	\N	\N	\N	CST ICMS	CST ICMS	CST ICMS	CST ICMS	\N	63711302000198	20
17	4	432	1	10	01	02	02	CST ICMS	CST IPI	CST PIS	CST COFINS	1.101	63711302000198	2000000
19	6	221	1	\N	\N	\N	\N	\N	\N	\N	\N	\N	63711302000198	5
20	6	123	2	00	00	01	01	CST ICMS	CST IPI	CST PIS	CST COFINS	1.256	63711302000198	55.5
\.


--
-- TOC entry 2987 (class 0 OID 17635)
-- Dependencies: 181
-- Data for Name: erprock_stock_units; Type: TABLE DATA; Schema: public; Owner: postgres
--

COPY erprock_stock_units (id, name) FROM stdin;
1	Un
2	Kg
\.


--
-- TOC entry 2988 (class 0 OID 17640)
-- Dependencies: 183
-- Data for Name: erprock_stores; Type: TABLE DATA; Schema: public; Owner: postgres
--

COPY erprock_stores (cnpj, state_number, name, fantasy_name, phone_number, fax_number, contact_name, email, address_street, address_number, address_complement, address_square, address_city, address_state, address_postal_code) FROM stdin;
63711302000198	1234	Matriz	Nome fantasia Matriz	31687555	\N	Rafael	rafael.donato@softso.com.br	Rua Joaquim Floriano	871	131	Itaim Bibi	Sao Paulo	SP	00000000
28878824000188	121312	Filial	Fantasy name filial						0					
\.


--
-- TOC entry 2989 (class 0 OID 17646)
-- Dependencies: 184
-- Data for Name: erprock_tax_rates; Type: TABLE DATA; Schema: public; Owner: postgres
--

COPY erprock_tax_rates (name, value) FROM stdin;
CST IPI	25
CST PIS	9
CST COFINS	12
ICMS MG	3
CST ICMS	18
\.


--
-- TOC entry 2990 (class 0 OID 17649)
-- Dependencies: 185
-- Data for Name: erprock_user_roles; Type: TABLE DATA; Schema: public; Owner: postgres
--

COPY erprock_user_roles (id, role) FROM stdin;
0	Manager
1	Supervisor
2	Stock
3	Seller
4	Cash
\.


--
-- TOC entry 2991 (class 0 OID 17652)
-- Dependencies: 186
-- Data for Name: erprock_users; Type: TABLE DATA; Schema: public; Owner: postgres
--

COPY erprock_users (cpf, role, name, password) FROM stdin;
84375322802	4	Sicrano	f1259a0f2372b808ec26f3a3b4df94e0
02895759405	0	Rafael Donato Azevêdo Loureiro	f1259a0f2372b808ec26f3a3b4df94e0
04235936417	2	Sabrina	f1259a0f2372b808ec26f3a3b4df94e0
22337880877	0	Carlos	897ca9d84ae38dc567575605a8e0e1e5
27277813006	4	Beltrano	f1259a0f2372b808ec26f3a3b4df94e0
\.


--
-- TOC entry 2992 (class 0 OID 17655)
-- Dependencies: 187
-- Data for Name: test_table; Type: TABLE DATA; Schema: public; Owner: postgres
--

COPY test_table (id, name) FROM stdin;
4	AAA
5	BBB
6	CCC
7	MMM
8	NNN
9	BBB
13	MMM
14	NNN
15	BBB
16	AA
17	11
18	000
21	ewd
\.


--
-- TOC entry 2873 (class 2606 OID 17669)
-- Dependencies: 166 166
-- Name: pk_cfop; Type: CONSTRAINT; Schema: public; Owner: postgres; Tablespace: 
--

ALTER TABLE ONLY erprock_cfop
    ADD CONSTRAINT pk_cfop PRIMARY KEY (cfop);


--
-- TOC entry 2885 (class 2606 OID 17671)
-- Dependencies: 172 172
-- Name: pk_cnpj; Type: CONSTRAINT; Schema: public; Owner: postgres; Tablespace: 
--

ALTER TABLE ONLY erprock_manufacturers
    ADD CONSTRAINT pk_cnpj PRIMARY KEY (cnpj);


--
-- TOC entry 2883 (class 2606 OID 17673)
-- Dependencies: 171 171
-- Name: pk_cnpj_enterprise_customer; Type: CONSTRAINT; Schema: public; Owner: postgres; Tablespace: 
--

ALTER TABLE ONLY erprock_enterprise_customers
    ADD CONSTRAINT pk_cnpj_enterprise_customer PRIMARY KEY (cnpj);


--
-- TOC entry 2899 (class 2606 OID 17675)
-- Dependencies: 180 180
-- Name: pk_cnpj_provider; Type: CONSTRAINT; Schema: public; Owner: postgres; Tablespace: 
--

ALTER TABLE ONLY erprock_providers
    ADD CONSTRAINT pk_cnpj_provider PRIMARY KEY (cnpj);


--
-- TOC entry 2903 (class 2606 OID 17677)
-- Dependencies: 183 183
-- Name: pk_cnpj_store; Type: CONSTRAINT; Schema: public; Owner: postgres; Tablespace: 
--

ALTER TABLE ONLY erprock_stores
    ADD CONSTRAINT pk_cnpj_store PRIMARY KEY (cnpj);


--
-- TOC entry 2897 (class 2606 OID 17679)
-- Dependencies: 179 179
-- Name: pk_code; Type: CONSTRAINT; Schema: public; Owner: postgres; Tablespace: 
--

ALTER TABLE ONLY erprock_products
    ADD CONSTRAINT pk_code PRIMARY KEY (code);


--
-- TOC entry 2909 (class 2606 OID 17681)
-- Dependencies: 186 186
-- Name: pk_cpf; Type: CONSTRAINT; Schema: public; Owner: postgres; Tablespace: 
--

ALTER TABLE ONLY erprock_users
    ADD CONSTRAINT pk_cpf PRIMARY KEY (cpf);


--
-- TOC entry 2887 (class 2606 OID 17683)
-- Dependencies: 173 173
-- Name: pk_cpf_physical_customer; Type: CONSTRAINT; Schema: public; Owner: postgres; Tablespace: 
--

ALTER TABLE ONLY erprock_physical_customers
    ADD CONSTRAINT pk_cpf_physical_customer PRIMARY KEY (cpf);


--
-- TOC entry 2923 (class 2606 OID 26443)
-- Dependencies: 198 198
-- Name: pk_erprock_account_types_type; Type: CONSTRAINT; Schema: public; Owner: postgres; Tablespace: 
--

ALTER TABLE ONLY erprock_account_types
    ADD CONSTRAINT pk_erprock_account_types_type PRIMARY KEY (type);


--
-- TOC entry 2921 (class 2606 OID 26438)
-- Dependencies: 197 197
-- Name: pk_erprock_accounts; Type: CONSTRAINT; Schema: public; Owner: postgres; Tablespace: 
--

ALTER TABLE ONLY erprock_accounts
    ADD CONSTRAINT pk_erprock_accounts PRIMARY KEY (code);


--
-- TOC entry 2925 (class 2606 OID 34633)
-- Dependencies: 200 200
-- Name: pk_erprock_entries_id; Type: CONSTRAINT; Schema: public; Owner: postgres; Tablespace: 
--

ALTER TABLE ONLY erprock_entries
    ADD CONSTRAINT pk_erprock_entries_id PRIMARY KEY (id);


--
-- TOC entry 2927 (class 2606 OID 34656)
-- Dependencies: 202 202
-- Name: pk_erprock_history_id; Type: CONSTRAINT; Schema: public; Owner: postgres; Tablespace: 
--

ALTER TABLE ONLY erprock_histories
    ADD CONSTRAINT pk_erprock_history_id PRIMARY KEY (id);


--
-- TOC entry 2907 (class 2606 OID 17685)
-- Dependencies: 185 185
-- Name: pk_id; Type: CONSTRAINT; Schema: public; Owner: postgres; Tablespace: 
--

ALTER TABLE ONLY erprock_user_roles
    ADD CONSTRAINT pk_id PRIMARY KEY (id);


--
-- TOC entry 2875 (class 2606 OID 17687)
-- Dependencies: 167 167
-- Name: pk_id_cst_cofins; Type: CONSTRAINT; Schema: public; Owner: postgres; Tablespace: 
--

ALTER TABLE ONLY erprock_cst_cofins
    ADD CONSTRAINT pk_id_cst_cofins PRIMARY KEY (code);


--
-- TOC entry 2877 (class 2606 OID 17689)
-- Dependencies: 168 168
-- Name: pk_id_cst_icms; Type: CONSTRAINT; Schema: public; Owner: postgres; Tablespace: 
--

ALTER TABLE ONLY erprock_cst_icms
    ADD CONSTRAINT pk_id_cst_icms PRIMARY KEY (code);


--
-- TOC entry 2879 (class 2606 OID 17691)
-- Dependencies: 169 169
-- Name: pk_id_cst_ipi; Type: CONSTRAINT; Schema: public; Owner: postgres; Tablespace: 
--

ALTER TABLE ONLY erprock_cst_ipi
    ADD CONSTRAINT pk_id_cst_ipi PRIMARY KEY (code);


--
-- TOC entry 2881 (class 2606 OID 17693)
-- Dependencies: 170 170
-- Name: pk_id_cst_pis; Type: CONSTRAINT; Schema: public; Owner: postgres; Tablespace: 
--

ALTER TABLE ONLY erprock_cst_pis
    ADD CONSTRAINT pk_id_cst_pis PRIMARY KEY (code);


--
-- TOC entry 2893 (class 2606 OID 17695)
-- Dependencies: 176 176
-- Name: pk_id_pc; Type: CONSTRAINT; Schema: public; Owner: postgres; Tablespace: 
--

ALTER TABLE ONLY erprock_product_categories
    ADD CONSTRAINT pk_id_pc PRIMARY KEY (id);


--
-- TOC entry 2895 (class 2606 OID 18265)
-- Dependencies: 178 178
-- Name: pk_id_po; Type: CONSTRAINT; Schema: public; Owner: postgres; Tablespace: 
--

ALTER TABLE ONLY erprock_product_origins
    ADD CONSTRAINT pk_id_po PRIMARY KEY (code);


--
-- TOC entry 2901 (class 2606 OID 17699)
-- Dependencies: 181 181
-- Name: pk_id_su; Type: CONSTRAINT; Schema: public; Owner: postgres; Tablespace: 
--

ALTER TABLE ONLY erprock_stock_units
    ADD CONSTRAINT pk_id_su PRIMARY KEY (id);


--
-- TOC entry 2911 (class 2606 OID 17701)
-- Dependencies: 187 187
-- Name: pk_id_test; Type: CONSTRAINT; Schema: public; Owner: postgres; Tablespace: 
--

ALTER TABLE ONLY test_table
    ADD CONSTRAINT pk_id_test PRIMARY KEY (id);


--
-- TOC entry 2905 (class 2606 OID 17703)
-- Dependencies: 184 184
-- Name: pk_name_tax_rates; Type: CONSTRAINT; Schema: public; Owner: postgres; Tablespace: 
--

ALTER TABLE ONLY erprock_tax_rates
    ADD CONSTRAINT pk_name_tax_rates PRIMARY KEY (name);


--
-- TOC entry 2889 (class 2606 OID 17705)
-- Dependencies: 174 174
-- Name: pk_price_id; Type: CONSTRAINT; Schema: public; Owner: postgres; Tablespace: 
--

ALTER TABLE ONLY erprock_prices
    ADD CONSTRAINT pk_price_id PRIMARY KEY (id);


--
-- TOC entry 2913 (class 2606 OID 18061)
-- Dependencies: 190 190
-- Name: pk_purchase_orders_id; Type: CONSTRAINT; Schema: public; Owner: postgres; Tablespace: 
--

ALTER TABLE ONLY erprock_purchase_orders
    ADD CONSTRAINT pk_purchase_orders_id PRIMARY KEY (id);


--
-- TOC entry 2915 (class 2606 OID 18070)
-- Dependencies: 192 192
-- Name: pk_purchase_product_orders_id; Type: CONSTRAINT; Schema: public; Owner: postgres; Tablespace: 
--

ALTER TABLE ONLY erprock_purchase_product_orders
    ADD CONSTRAINT pk_purchase_product_orders_id PRIMARY KEY (id);


--
-- TOC entry 2917 (class 2606 OID 18161)
-- Dependencies: 194 194
-- Name: pk_sale_orders_id; Type: CONSTRAINT; Schema: public; Owner: postgres; Tablespace: 
--

ALTER TABLE ONLY erprock_sale_orders
    ADD CONSTRAINT pk_sale_orders_id PRIMARY KEY (id);


--
-- TOC entry 2919 (class 2606 OID 18179)
-- Dependencies: 196 196
-- Name: pk_sale_product_orders_id; Type: CONSTRAINT; Schema: public; Owner: postgres; Tablespace: 
--

ALTER TABLE ONLY erprock_sale_product_orders
    ADD CONSTRAINT pk_sale_product_orders_id PRIMARY KEY (id);


--
-- TOC entry 2891 (class 2606 OID 17715)
-- Dependencies: 174 174 174
-- Name: uq_product_store; Type: CONSTRAINT; Schema: public; Owner: postgres; Tablespace: 
--

ALTER TABLE ONLY erprock_prices
    ADD CONSTRAINT uq_product_store UNIQUE (product_code, store_cnpj);


--
-- TOC entry 2940 (class 2606 OID 17911)
-- Dependencies: 2872 179 166
-- Name: fk_cfop_code character; Type: FK CONSTRAINT; Schema: public; Owner: postgres
--

ALTER TABLE ONLY erprock_products
    ADD CONSTRAINT "fk_cfop_code character" FOREIGN KEY (cfop_code) REFERENCES erprock_cfop(cfop) ON UPDATE CASCADE;


--
-- TOC entry 2939 (class 2606 OID 17906)
-- Dependencies: 2904 184 179
-- Name: fk_cofins_percent_name; Type: FK CONSTRAINT; Schema: public; Owner: postgres
--

ALTER TABLE ONLY erprock_products
    ADD CONSTRAINT fk_cofins_percent_name FOREIGN KEY (cofins_percent_name) REFERENCES erprock_tax_rates(name) ON UPDATE CASCADE;


--
-- TOC entry 2935 (class 2606 OID 17886)
-- Dependencies: 167 179 2874
-- Name: fk_cst_cofins_code; Type: FK CONSTRAINT; Schema: public; Owner: postgres
--

ALTER TABLE ONLY erprock_products
    ADD CONSTRAINT fk_cst_cofins_code FOREIGN KEY (cst_cofins_code) REFERENCES erprock_cst_cofins(code) ON UPDATE CASCADE;


--
-- TOC entry 2932 (class 2606 OID 17871)
-- Dependencies: 179 168 2876
-- Name: fk_cst_icms_code; Type: FK CONSTRAINT; Schema: public; Owner: postgres
--

ALTER TABLE ONLY erprock_products
    ADD CONSTRAINT fk_cst_icms_code FOREIGN KEY (cst_icms_code) REFERENCES erprock_cst_icms(code) ON UPDATE CASCADE;


--
-- TOC entry 2933 (class 2606 OID 17876)
-- Dependencies: 179 169 2878
-- Name: fk_cst_ipi_code; Type: FK CONSTRAINT; Schema: public; Owner: postgres
--

ALTER TABLE ONLY erprock_products
    ADD CONSTRAINT fk_cst_ipi_code FOREIGN KEY (cst_ipi_code) REFERENCES erprock_cst_ipi(code) ON UPDATE CASCADE;


--
-- TOC entry 2934 (class 2606 OID 17881)
-- Dependencies: 179 2880 170
-- Name: fk_cst_pis_code; Type: FK CONSTRAINT; Schema: public; Owner: postgres
--

ALTER TABLE ONLY erprock_products
    ADD CONSTRAINT fk_cst_pis_code FOREIGN KEY (cst_pis_code) REFERENCES erprock_cst_pis(code) ON UPDATE CASCADE;


--
-- TOC entry 2956 (class 2606 OID 18162)
-- Dependencies: 194 171 2882
-- Name: fk_enterprise_customer_id; Type: FK CONSTRAINT; Schema: public; Owner: postgres
--

ALTER TABLE ONLY erprock_sale_orders
    ADD CONSTRAINT fk_enterprise_customer_id FOREIGN KEY (enterprise_customer_id) REFERENCES erprock_enterprise_customers(cnpj) ON UPDATE CASCADE;


--
-- TOC entry 2972 (class 2606 OID 34644)
-- Dependencies: 200 197 2920
-- Name: fk_erprock_entries_creditor_account_code; Type: FK CONSTRAINT; Schema: public; Owner: postgres
--

ALTER TABLE ONLY erprock_entries
    ADD CONSTRAINT fk_erprock_entries_creditor_account_code FOREIGN KEY (creditor_account) REFERENCES erprock_accounts(code) ON UPDATE CASCADE;


--
-- TOC entry 2971 (class 2606 OID 34639)
-- Dependencies: 200 197 2920
-- Name: fk_erprock_entries_debtor_account_code; Type: FK CONSTRAINT; Schema: public; Owner: postgres
--

ALTER TABLE ONLY erprock_entries
    ADD CONSTRAINT fk_erprock_entries_debtor_account_code FOREIGN KEY (debtor_account) REFERENCES erprock_accounts(code) ON UPDATE CASCADE;


--
-- TOC entry 2970 (class 2606 OID 34634)
-- Dependencies: 200 183 2902
-- Name: fk_erprock_entries_store_id; Type: FK CONSTRAINT; Schema: public; Owner: postgres
--

ALTER TABLE ONLY erprock_entries
    ADD CONSTRAINT fk_erprock_entries_store_id FOREIGN KEY (store) REFERENCES erprock_stores(cnpj) ON UPDATE CASCADE;


--
-- TOC entry 2973 (class 2606 OID 34662)
-- Dependencies: 202 2926 200
-- Name: fk_erprock_history_id; Type: FK CONSTRAINT; Schema: public; Owner: postgres
--

ALTER TABLE ONLY erprock_entries
    ADD CONSTRAINT fk_erprock_history_id FOREIGN KEY (history) REFERENCES erprock_histories(id) ON UPDATE CASCADE;


--
-- TOC entry 2941 (class 2606 OID 26444)
-- Dependencies: 186 185 2906
-- Name: fk_erprock_users_role_name; Type: FK CONSTRAINT; Schema: public; Owner: postgres
--

ALTER TABLE ONLY erprock_users
    ADD CONSTRAINT fk_erprock_users_role_name FOREIGN KEY (role) REFERENCES erprock_user_roles(id) ON UPDATE CASCADE;


--
-- TOC entry 2936 (class 2606 OID 17891)
-- Dependencies: 184 2904 179
-- Name: fk_icms_percent_named; Type: FK CONSTRAINT; Schema: public; Owner: postgres
--

ALTER TABLE ONLY erprock_products
    ADD CONSTRAINT fk_icms_percent_named FOREIGN KEY (icms_percent_name) REFERENCES erprock_tax_rates(name) ON UPDATE CASCADE;


--
-- TOC entry 2937 (class 2606 OID 17896)
-- Dependencies: 184 2904 179
-- Name: fk_ipi_percent_name; Type: FK CONSTRAINT; Schema: public; Owner: postgres
--

ALTER TABLE ONLY erprock_products
    ADD CONSTRAINT fk_ipi_percent_name FOREIGN KEY (ipi_percent_name) REFERENCES erprock_tax_rates(name) ON UPDATE CASCADE;


--
-- TOC entry 2930 (class 2606 OID 17716)
-- Dependencies: 172 2884 179
-- Name: fk_manufacturer_cnpj; Type: FK CONSTRAINT; Schema: public; Owner: postgres
--

ALTER TABLE ONLY erprock_products
    ADD CONSTRAINT fk_manufacturer_cnpj FOREIGN KEY (manufacturer_cnpj) REFERENCES erprock_manufacturers(cnpj) ON UPDATE CASCADE;


--
-- TOC entry 2957 (class 2606 OID 18167)
-- Dependencies: 194 173 2886
-- Name: fk_physical_customer_id; Type: FK CONSTRAINT; Schema: public; Owner: postgres
--

ALTER TABLE ONLY erprock_sale_orders
    ADD CONSTRAINT fk_physical_customer_id FOREIGN KEY (physical_customer_id) REFERENCES erprock_physical_customers(cpf) ON UPDATE CASCADE;


--
-- TOC entry 2938 (class 2606 OID 17901)
-- Dependencies: 184 179 2904
-- Name: fk_pis_percent_name; Type: FK CONSTRAINT; Schema: public; Owner: postgres
--

ALTER TABLE ONLY erprock_products
    ADD CONSTRAINT fk_pis_percent_name FOREIGN KEY (pis_percent_name) REFERENCES erprock_tax_rates(name) ON UPDATE CASCADE;


--
-- TOC entry 2928 (class 2606 OID 17721)
-- Dependencies: 174 2896 179
-- Name: fk_prices_product_code; Type: FK CONSTRAINT; Schema: public; Owner: postgres
--

ALTER TABLE ONLY erprock_prices
    ADD CONSTRAINT fk_prices_product_code FOREIGN KEY (product_code) REFERENCES erprock_products(code) ON UPDATE CASCADE;


--
-- TOC entry 2929 (class 2606 OID 17726)
-- Dependencies: 174 183 2902
-- Name: fk_prices_store_cnpj; Type: FK CONSTRAINT; Schema: public; Owner: postgres
--

ALTER TABLE ONLY erprock_prices
    ADD CONSTRAINT fk_prices_store_cnpj FOREIGN KEY (store_cnpj) REFERENCES erprock_stores(cnpj) ON UPDATE CASCADE;


--
-- TOC entry 2931 (class 2606 OID 17731)
-- Dependencies: 179 2892 176
-- Name: fk_product_category; Type: FK CONSTRAINT; Schema: public; Owner: postgres
--

ALTER TABLE ONLY erprock_products
    ADD CONSTRAINT fk_product_category FOREIGN KEY (product_category_id) REFERENCES erprock_product_categories(id) ON UPDATE CASCADE;


--
-- TOC entry 2955 (class 2606 OID 51032)
-- Dependencies: 2912 192 190
-- Name: fk_purchase_order_id; Type: FK CONSTRAINT; Schema: public; Owner: postgres
--

ALTER TABLE ONLY erprock_purchase_product_orders
    ADD CONSTRAINT fk_purchase_order_id FOREIGN KEY (order_id) REFERENCES erprock_purchase_orders(id) ON UPDATE CASCADE ON DELETE CASCADE;


--
-- TOC entry 2942 (class 2606 OID 18136)
-- Dependencies: 2898 180 190
-- Name: fk_purchase_orders_provider_id; Type: FK CONSTRAINT; Schema: public; Owner: postgres
--

ALTER TABLE ONLY erprock_purchase_orders
    ADD CONSTRAINT fk_purchase_orders_provider_id FOREIGN KEY (provider_id) REFERENCES erprock_providers(cnpj) ON UPDATE CASCADE;


--
-- TOC entry 2943 (class 2606 OID 18076)
-- Dependencies: 166 192 2872
-- Name: fk_purchase_product_orders_cfop_code; Type: FK CONSTRAINT; Schema: public; Owner: postgres
--

ALTER TABLE ONLY erprock_purchase_product_orders
    ADD CONSTRAINT fk_purchase_product_orders_cfop_code FOREIGN KEY (cfop_code) REFERENCES erprock_cfop(cfop) ON UPDATE CASCADE;


--
-- TOC entry 2944 (class 2606 OID 18081)
-- Dependencies: 2904 192 184
-- Name: fk_purchase_product_orders_cofins_percent_name; Type: FK CONSTRAINT; Schema: public; Owner: postgres
--

ALTER TABLE ONLY erprock_purchase_product_orders
    ADD CONSTRAINT fk_purchase_product_orders_cofins_percent_name FOREIGN KEY (cofins_percent_name) REFERENCES erprock_tax_rates(name) ON UPDATE CASCADE;


--
-- TOC entry 2945 (class 2606 OID 18086)
-- Dependencies: 192 167 2874
-- Name: fk_purchase_product_orders_cst_cofins_code; Type: FK CONSTRAINT; Schema: public; Owner: postgres
--

ALTER TABLE ONLY erprock_purchase_product_orders
    ADD CONSTRAINT fk_purchase_product_orders_cst_cofins_code FOREIGN KEY (cst_cofins_code) REFERENCES erprock_cst_cofins(code) ON UPDATE CASCADE;


--
-- TOC entry 2946 (class 2606 OID 18091)
-- Dependencies: 192 2876 168
-- Name: fk_purchase_product_orders_cst_icms_code; Type: FK CONSTRAINT; Schema: public; Owner: postgres
--

ALTER TABLE ONLY erprock_purchase_product_orders
    ADD CONSTRAINT fk_purchase_product_orders_cst_icms_code FOREIGN KEY (cst_icms_code) REFERENCES erprock_cst_icms(code) ON UPDATE CASCADE;


--
-- TOC entry 2947 (class 2606 OID 18096)
-- Dependencies: 192 169 2878
-- Name: fk_purchase_product_orders_cst_ipi_code; Type: FK CONSTRAINT; Schema: public; Owner: postgres
--

ALTER TABLE ONLY erprock_purchase_product_orders
    ADD CONSTRAINT fk_purchase_product_orders_cst_ipi_code FOREIGN KEY (cst_ipi_code) REFERENCES erprock_cst_ipi(code) ON UPDATE CASCADE;


--
-- TOC entry 2948 (class 2606 OID 18101)
-- Dependencies: 192 170 2880
-- Name: fk_purchase_product_orders_cst_pis_code; Type: FK CONSTRAINT; Schema: public; Owner: postgres
--

ALTER TABLE ONLY erprock_purchase_product_orders
    ADD CONSTRAINT fk_purchase_product_orders_cst_pis_code FOREIGN KEY (cst_pis_code) REFERENCES erprock_cst_pis(code) ON UPDATE CASCADE;


--
-- TOC entry 2949 (class 2606 OID 18106)
-- Dependencies: 192 184 2904
-- Name: fk_purchase_product_orders_icms_percent_name; Type: FK CONSTRAINT; Schema: public; Owner: postgres
--

ALTER TABLE ONLY erprock_purchase_product_orders
    ADD CONSTRAINT fk_purchase_product_orders_icms_percent_name FOREIGN KEY (icms_percent_name) REFERENCES erprock_tax_rates(name) ON UPDATE CASCADE;


--
-- TOC entry 2950 (class 2606 OID 18111)
-- Dependencies: 192 184 2904
-- Name: fk_purchase_product_orders_ipi_percent_name; Type: FK CONSTRAINT; Schema: public; Owner: postgres
--

ALTER TABLE ONLY erprock_purchase_product_orders
    ADD CONSTRAINT fk_purchase_product_orders_ipi_percent_name FOREIGN KEY (ipi_percent_name) REFERENCES erprock_tax_rates(name) ON UPDATE CASCADE;


--
-- TOC entry 2951 (class 2606 OID 18116)
-- Dependencies: 192 184 2904
-- Name: fk_purchase_product_orders_pis_percent_name; Type: FK CONSTRAINT; Schema: public; Owner: postgres
--

ALTER TABLE ONLY erprock_purchase_product_orders
    ADD CONSTRAINT fk_purchase_product_orders_pis_percent_name FOREIGN KEY (pis_percent_name) REFERENCES erprock_tax_rates(name) ON UPDATE CASCADE;


--
-- TOC entry 2952 (class 2606 OID 18121)
-- Dependencies: 192 179 2896
-- Name: fk_purchase_product_orders_product_code; Type: FK CONSTRAINT; Schema: public; Owner: postgres
--

ALTER TABLE ONLY erprock_purchase_product_orders
    ADD CONSTRAINT fk_purchase_product_orders_product_code FOREIGN KEY (product_code) REFERENCES erprock_products(code) ON UPDATE CASCADE;


--
-- TOC entry 2953 (class 2606 OID 18275)
-- Dependencies: 192 178 2894
-- Name: fk_purchase_product_orders_product_origin; Type: FK CONSTRAINT; Schema: public; Owner: postgres
--

ALTER TABLE ONLY erprock_purchase_product_orders
    ADD CONSTRAINT fk_purchase_product_orders_product_origin FOREIGN KEY (product_origin_code) REFERENCES erprock_product_origins(code) ON UPDATE CASCADE;


--
-- TOC entry 2954 (class 2606 OID 18280)
-- Dependencies: 192 183 2902
-- Name: fk_purchase_product_orders_store_cnpj; Type: FK CONSTRAINT; Schema: public; Owner: postgres
--

ALTER TABLE ONLY erprock_purchase_product_orders
    ADD CONSTRAINT fk_purchase_product_orders_store_cnpj FOREIGN KEY (store_cnpj) REFERENCES erprock_stores(cnpj) ON UPDATE CASCADE;


--
-- TOC entry 2958 (class 2606 OID 18180)
-- Dependencies: 196 194 2916
-- Name: fk_sale_order_id; Type: FK CONSTRAINT; Schema: public; Owner: postgres
--

ALTER TABLE ONLY erprock_sale_product_orders
    ADD CONSTRAINT fk_sale_order_id FOREIGN KEY (order_id) REFERENCES erprock_sale_orders(id) ON UPDATE CASCADE ON DELETE CASCADE;


--
-- TOC entry 2959 (class 2606 OID 18185)
-- Dependencies: 196 166 2872
-- Name: fk_sale_product_orders_cfop_code; Type: FK CONSTRAINT; Schema: public; Owner: postgres
--

ALTER TABLE ONLY erprock_sale_product_orders
    ADD CONSTRAINT fk_sale_product_orders_cfop_code FOREIGN KEY (cfop_code) REFERENCES erprock_cfop(cfop) ON UPDATE CASCADE;


--
-- TOC entry 2960 (class 2606 OID 18190)
-- Dependencies: 196 184 2904
-- Name: fk_sale_product_orders_cofins_percent_name; Type: FK CONSTRAINT; Schema: public; Owner: postgres
--

ALTER TABLE ONLY erprock_sale_product_orders
    ADD CONSTRAINT fk_sale_product_orders_cofins_percent_name FOREIGN KEY (cofins_percent_name) REFERENCES erprock_tax_rates(name) ON UPDATE CASCADE;


--
-- TOC entry 2961 (class 2606 OID 18195)
-- Dependencies: 196 167 2874
-- Name: fk_sale_product_orders_cst_cofins_code; Type: FK CONSTRAINT; Schema: public; Owner: postgres
--

ALTER TABLE ONLY erprock_sale_product_orders
    ADD CONSTRAINT fk_sale_product_orders_cst_cofins_code FOREIGN KEY (cst_cofins_code) REFERENCES erprock_cst_cofins(code) ON UPDATE CASCADE;


--
-- TOC entry 2962 (class 2606 OID 18200)
-- Dependencies: 196 168 2876
-- Name: fk_sale_product_orders_cst_icms_code; Type: FK CONSTRAINT; Schema: public; Owner: postgres
--

ALTER TABLE ONLY erprock_sale_product_orders
    ADD CONSTRAINT fk_sale_product_orders_cst_icms_code FOREIGN KEY (cst_icms_code) REFERENCES erprock_cst_icms(code) ON UPDATE CASCADE;


--
-- TOC entry 2963 (class 2606 OID 18205)
-- Dependencies: 196 169 2878
-- Name: fk_sale_product_orders_cst_ipi_code; Type: FK CONSTRAINT; Schema: public; Owner: postgres
--

ALTER TABLE ONLY erprock_sale_product_orders
    ADD CONSTRAINT fk_sale_product_orders_cst_ipi_code FOREIGN KEY (cst_ipi_code) REFERENCES erprock_cst_ipi(code) ON UPDATE CASCADE;


--
-- TOC entry 2964 (class 2606 OID 18210)
-- Dependencies: 196 170 2880
-- Name: fk_sale_product_orders_cst_pis_code; Type: FK CONSTRAINT; Schema: public; Owner: postgres
--

ALTER TABLE ONLY erprock_sale_product_orders
    ADD CONSTRAINT fk_sale_product_orders_cst_pis_code FOREIGN KEY (cst_pis_code) REFERENCES erprock_cst_pis(code) ON UPDATE CASCADE;


--
-- TOC entry 2965 (class 2606 OID 18215)
-- Dependencies: 196 184 2904
-- Name: fk_sale_product_orders_icms_percent_name; Type: FK CONSTRAINT; Schema: public; Owner: postgres
--

ALTER TABLE ONLY erprock_sale_product_orders
    ADD CONSTRAINT fk_sale_product_orders_icms_percent_name FOREIGN KEY (icms_percent_name) REFERENCES erprock_tax_rates(name) ON UPDATE CASCADE;


--
-- TOC entry 2966 (class 2606 OID 18220)
-- Dependencies: 196 184 2904
-- Name: fk_sale_product_orders_ipi_percent_name; Type: FK CONSTRAINT; Schema: public; Owner: postgres
--

ALTER TABLE ONLY erprock_sale_product_orders
    ADD CONSTRAINT fk_sale_product_orders_ipi_percent_name FOREIGN KEY (ipi_percent_name) REFERENCES erprock_tax_rates(name) ON UPDATE CASCADE;


--
-- TOC entry 2967 (class 2606 OID 18225)
-- Dependencies: 196 184 2904
-- Name: fk_sale_product_orders_pis_percent_name; Type: FK CONSTRAINT; Schema: public; Owner: postgres
--

ALTER TABLE ONLY erprock_sale_product_orders
    ADD CONSTRAINT fk_sale_product_orders_pis_percent_name FOREIGN KEY (pis_percent_name) REFERENCES erprock_tax_rates(name) ON UPDATE CASCADE;


--
-- TOC entry 2968 (class 2606 OID 18230)
-- Dependencies: 196 179 2896
-- Name: fk_sale_product_orders_product_code; Type: FK CONSTRAINT; Schema: public; Owner: postgres
--

ALTER TABLE ONLY erprock_sale_product_orders
    ADD CONSTRAINT fk_sale_product_orders_product_code FOREIGN KEY (product_code) REFERENCES erprock_products(code) ON UPDATE CASCADE;


--
-- TOC entry 2969 (class 2606 OID 18235)
-- Dependencies: 196 183 2902
-- Name: fk_sale_product_orders_store_cnpj; Type: FK CONSTRAINT; Schema: public; Owner: postgres
--

ALTER TABLE ONLY erprock_sale_product_orders
    ADD CONSTRAINT fk_sale_product_orders_store_cnpj FOREIGN KEY (store_cnpj) REFERENCES erprock_stores(cnpj) ON UPDATE CASCADE;


--
-- TOC entry 3005 (class 0 OID 0)
-- Dependencies: 6
-- Name: public; Type: ACL; Schema: -; Owner: postgres
--

REVOKE ALL ON SCHEMA public FROM PUBLIC;
REVOKE ALL ON SCHEMA public FROM postgres;
GRANT ALL ON SCHEMA public TO postgres;
GRANT ALL ON SCHEMA public TO PUBLIC;


-- Completed on 2013-02-19 17:31:13 BRT

--
-- PostgreSQL database dump complete
--

